Testing the MFEM library. This may take a while...
Building all examples, miniapps, and tests...
/Applications/Xcode.app/Contents/Developer/usr/bin/make -C examples
make[2]: Nothing to be done for `all'.
/Applications/Xcode.app/Contents/Developer/usr/bin/make -C miniapps/common
make[2]: Nothing to be done for `all'.
/Applications/Xcode.app/Contents/Developer/usr/bin/make -C miniapps/electromagnetics
make[2]: Nothing to be done for `all'.
/Applications/Xcode.app/Contents/Developer/usr/bin/make -C miniapps/meshing
/Applications/Xcode.app/Contents/Developer/usr/bin/make -C ../../miniapps/common
make[3]: Nothing to be done for `all'.
/Applications/Xcode.app/Contents/Developer/usr/bin/make -C miniapps/navier
make[2]: Nothing to be done for `all'.
/Applications/Xcode.app/Contents/Developer/usr/bin/make -C miniapps/performance
make[2]: Nothing to be done for `all'.
/Applications/Xcode.app/Contents/Developer/usr/bin/make -C miniapps/tools
/Applications/Xcode.app/Contents/Developer/usr/bin/make -C ../../miniapps/common
make[3]: Nothing to be done for `all'.
/Applications/Xcode.app/Contents/Developer/usr/bin/make -C miniapps/toys
/Applications/Xcode.app/Contents/Developer/usr/bin/make -C ../../miniapps/common
make[3]: Nothing to be done for `all'.
/Applications/Xcode.app/Contents/Developer/usr/bin/make -C miniapps/nurbs
make[2]: Nothing to be done for `all'.
/Applications/Xcode.app/Contents/Developer/usr/bin/make -C miniapps/gslib
make[2]: Nothing to be done for `all'.
/Applications/Xcode.app/Contents/Developer/usr/bin/make -C miniapps/adjoint
make[2]: Nothing to be done for `all'.
/Applications/Xcode.app/Contents/Developer/usr/bin/make -C miniapps/solvers
make[2]: Nothing to be done for `all'.
/Applications/Xcode.app/Contents/Developer/usr/bin/make -C miniapps/shifted
/Applications/Xcode.app/Contents/Developer/usr/bin/make -C ../../miniapps/common
make[3]: Nothing to be done for `all'.
/Applications/Xcode.app/Contents/Developer/usr/bin/make -C miniapps/mtop
make[2]: Nothing to be done for `all'.
/Applications/Xcode.app/Contents/Developer/usr/bin/make -C miniapps/parelag
make[2]: Nothing to be done for `all'.
/Applications/Xcode.app/Contents/Developer/usr/bin/make -C miniapps/tribol
make[2]: Nothing to be done for `all'.
/Applications/Xcode.app/Contents/Developer/usr/bin/make -C miniapps/autodiff
make[2]: Nothing to be done for `all'.
/Applications/Xcode.app/Contents/Developer/usr/bin/make -C miniapps/hooke
make[2]: Nothing to be done for `all'.
/Applications/Xcode.app/Contents/Developer/usr/bin/make -C miniapps/multidomain
make[2]: Nothing to be done for `all'.
/Applications/Xcode.app/Contents/Developer/usr/bin/make -C miniapps/dpg
/Applications/Xcode.app/Contents/Developer/usr/bin/make -C ../../miniapps/common
make[3]: Nothing to be done for `all'.
/Applications/Xcode.app/Contents/Developer/usr/bin/make -C miniapps/hdiv-linear-solver
make[2]: Nothing to be done for `all'.
/Applications/Xcode.app/Contents/Developer/usr/bin/make -C miniapps/spde
make[2]: Nothing to be done for `all'.
/Applications/Xcode.app/Contents/Developer/usr/bin/make -C tests/unit
make[2]: Nothing to be done for `all'.
Running tests in: [ tests/unit examples miniapps/electromagnetics miniapps/meshing miniapps/navier miniapps/performance miniapps/tools miniapps/toys miniapps/nurbs miniapps/gslib miniapps/adjoint miniapps/solvers miniapps/shifted miniapps/mtop miniapps/parelag miniapps/tribol miniapps/autodiff miniapps/hooke miniapps/multidomain miniapps/dpg miniapps/hdiv-linear-solver miniapps/spde ] ...
Running tests in tests/unit ...
    Unit tests [ unit_tests ... ]: FAILED  (0.04s 7168kB)
INFO: Test filter: ~[Parallel] ~[MFEMData] 
Filters: ~[Parallel] ~[MFEMData]
Number of Tri DOF ND = 2
Matrix of Orientations
0,1,
0,1,
0,1,
0,1,
0,1,
0,1,
Number of Tri DOF ND = 2
Matrix of Orientations
0,1,
0,1,
0,1,
0,1,
0,1,
0,1,
Number of Tri DOF ND = 2
Matrix of Orientations
0,1,
0,1,
0,1,
0,1,
0,1,
0,1,
Number of Tri DOF ND = 2
Matrix of Orientations
0,1,
0,1,
0,1,
0,1,
0,1,
0,1,
Number of Tri DOF ND = 2
Matrix of Orientations
0,1,
0,1,
0,1,
0,1,
0,1,
0,1,
Number of Tri DOF ND = 6
Matrix of Orientations
0,1,2,3,4,5,
2,3,0,1,4,5,
2,3,4,5,0,1,
4,5,2,3,0,1,
4,5,0,1,2,3,
0,1,4,5,2,3,
Number of Tri DOF ND = 2
Matrix of Orientations
0,1,
0,1,
0,1,
0,1,
0,1,
0,1,
Number of Tri DOF ND = 6
Matrix of Orientations
0,1,2,3,4,5,
2,3,0,1,4,5,
2,3,4,5,0,1,
4,5,2,3,0,1,
4,5,0,1,2,3,
0,1,4,5,2,3,
Number of Tri DOF ND = 2
Matrix of Orientations
0,1,
0,1,
0,1,
0,1,
0,1,
0,1,
Number of Tri DOF ND = 6
Matrix of Orientations
0,1,2,3,4,5,
2,3,0,1,4,5,
2,3,4,5,0,1,
4,5,2,3,0,1,
4,5,0,1,2,3,
0,1,4,5,2,3,
Number of Tri DOF ND = 2
Matrix of Orientations
0,1,
0,1,
0,1,
0,1,
0,1,
0,1,
Number of Tri DOF ND = 6
Matrix of Orientations
0,1,2,3,4,5,
2,3,0,1,4,5,
2,3,4,5,0,1,
4,5,2,3,0,1,
4,5,0,1,2,3,
0,1,4,5,2,3,
Number of Tri DOF ND = 2
Matrix of Orientations
0,1,
0,1,
0,1,
0,1,
0,1,
0,1,
Number of Tri DOF ND = 6
Matrix of Orientations
0,1,2,3,4,5,
2,3,0,1,4,5,
2,3,4,5,0,1,
4,5,2,3,0,1,
4,5,0,1,2,3,
0,1,4,5,2,3,
Number of Tri DOF ND = 2
Matrix of Orientations
0,1,
0,1,
0,1,
0,1,
0,1,
0,1,
Number of Tri DOF ND = 6
Matrix of Orientations
0,1,2,3,4,5,
2,3,0,1,4,5,
2,3,4,5,0,1,
4,5,2,3,0,1,
4,5,0,1,2,3,
0,1,4,5,2,3,
Number of Tri DOF ND = 2
Matrix of Orientations
0,1,
0,1,
0,1,
0,1,
0,1,
0,1,
Number of Tri DOF ND = 6
Matrix of Orientations
0,1,2,3,4,5,
2,3,0,1,4,5,
2,3,4,5,0,1,
4,5,2,3,0,1,
4,5,0,1,2,3,
0,1,4,5,2,3,
Number of Tri DOF ND = 2
Matrix of Orientations
0,1,
0,1,
0,1,
0,1,
0,1,
0,1,
Number of Tri DOF ND = 6
Matrix of Orientations
0,1,2,3,4,5,
2,3,0,1,4,5,
2,3,4,5,0,1,
4,5,2,3,0,1,
4,5,0,1,2,3,
0,1,4,5,2,3,
Number of Tri DOF ND = 2
Matrix of Orientations
0,1,
0,1,
0,1,
0,1,
0,1,
0,1,
Number of Tri DOF ND = 2
Matrix of Orientations
0,1,
0,1,
0,1,
0,1,
0,1,
0,1,
Number of Tri DOF ND = 2
Matrix of Orientations
0,1,
0,1,
0,1,
0,1,
0,1,
0,1,
Number of Tri DOF ND = 2
Matrix of Orientations
0,1,
0,1,
0,1,
0,1,
0,1,
0,1,
Number of Tri DOF ND = 2
Matrix of Orientations
0,1,
0,1,
0,1,
0,1,
0,1,
0,1,
Number of Tri DOF ND = 2
Matrix of Orientations
0,1,
0,1,
0,1,
0,1,
0,1,
0,1,
Number of Tri DOF ND = 2
Matrix of Orientations
0,1,
0,1,
0,1,
0,1,
0,1,
0,1,
Number of Tri DOF ND = 2
Matrix of Orientations
0,1,
0,1,
0,1,
0,1,
0,1,
0,1,
Number of Tri DOF ND = 2
Matrix of Orientations
0,1,
0,1,
0,1,
0,1,
0,1,
0,1,
Number of Tri DOF ND = 2
Matrix of Orientations
0,1,
0,1,
0,1,
0,1,
0,1,
0,1,
Number of Tri DOF ND = 2
Matrix of Orientations
0,1,
0,1,
0,1,
0,1,
0,1,
0,1,
Number of Tri DOF ND = 2
Matrix of Orientations
0,1,
0,1,
0,1,
0,1,
0,1,
0,1,
Number of Tri DOF ND = 2
Matrix of Orientations
0,1,
0,1,
0,1,
0,1,
0,1,
0,1,
Number of Tri DOF ND = 2
Matrix of Orientations
0,1,
0,1,
0,1,
0,1,
0,1,
0,1,
Number of Tri DOF ND = 6
Matrix of Orientations
0,1,2,3,4,5,
2,3,0,1,4,5,
2,3,4,5,0,1,
4,5,2,3,0,1,
4,5,0,1,2,3,
0,1,4,5,2,3,
Number of Tri DOF ND = 6
Matrix of Orientations
0,1,2,3,4,5,
2,3,0,1,4,5,
2,3,4,5,0,1,
4,5,2,3,0,1,
4,5,0,1,2,3,
0,1,4,5,2,3,
Number of Tri DOF ND = 6
Matrix of Orientations
0,1,2,3,4,5,
2,3,0,1,4,5,
2,3,4,5,0,1,
4,5,2,3,0,1,
4,5,0,1,2,3,
0,1,4,5,2,3,
Number of Tri DOF ND = 2
Matrix of Orientations
0,1,
0,1,
0,1,
0,1,
0,1,
0,1,
Number of Tri DOF ND = 2
Matrix of Orientations
0,1,
0,1,
0,1,
0,1,
0,1,
0,1,
Number of Tri DOF ND = 2
Matrix of Orientations
0,1,
0,1,
0,1,
0,1,
0,1,
0,1,
Number of Tri DOF ND = 6
Matrix of Orientations
0,1,2,3,4,5,
2,3,0,1,4,5,
2,3,4,5,0,1,
4,5,2,3,0,1,
4,5,0,1,2,3,
0,1,4,5,2,3,
Number of Tri DOF ND = 6
Matrix of Orientations
0,1,2,3,4,5,
2,3,0,1,4,5,
2,3,4,5,0,1,
4,5,2,3,0,1,
4,5,0,1,2,3,
0,1,4,5,2,3,
Number of Tri DOF ND = 6
Matrix of Orientations
0,1,2,3,4,5,
2,3,0,1,4,5,
2,3,4,5,0,1,
4,5,2,3,0,1,
4,5,0,1,2,3,
0,1,4,5,2,3,
Number of Tri DOF ND = 2
Matrix of Orientations
0,1,
0,1,
0,1,
0,1,
0,1,
0,1,
Number of Tri DOF ND = 2
Matrix of Orientations
0,1,
0,1,
0,1,
0,1,
0,1,
0,1,
Number of Tri DOF ND = 2
Matrix of Orientations
0,1,
0,1,
0,1,
0,1,
0,1,
0,1,
Number of Tri DOF ND = 2
Matrix of Orientations
0,1,
0,1,
0,1,
0,1,
0,1,
0,1,
Number of Tri DOF ND = 2
Matrix of Orientations
0,1,
0,1,
0,1,
0,1,
0,1,
0,1,
Number of Tri DOF ND = 2
Matrix of Orientations
0,1,
0,1,
0,1,
0,1,
0,1,
0,1,
Number of Tri DOF ND = 2
Matrix of Orientations
0,1,
0,1,
0,1,
0,1,
0,1,
0,1,
Number of Tri DOF ND = 2
Matrix of Orientations
0,1,
0,1,
0,1,
0,1,
0,1,
0,1,
Number of Tri DOF ND = 2
Matrix of Orientations
0,1,
0,1,
0,1,
0,1,
0,1,
0,1,
Number of Tri DOF ND = 2
Matrix of Orientations
0,1,
0,1,
0,1,
0,1,
0,1,
0,1,
Number of Tri DOF ND = 2
Matrix of Orientations
0,1,
0,1,
0,1,
0,1,
0,1,
0,1,
Number of Tri DOF ND = 2
Matrix of Orientations
0,1,
0,1,
0,1,
0,1,
0,1,
0,1,
Number of Tri DOF ND = 2
Matrix of Orientations
0,1,
0,1,
0,1,
0,1,
0,1,
0,1,
Number of Tri DOF ND = 2
Matrix of Orientations
0,1,
0,1,
0,1,
0,1,
0,1,
0,1,

0.0907281,-0.900011,
-0.0243105,0.241157,
-0.0664176,-0.0664176,
-0.0664176,-0.0664176,
0.241157,-0.0243105,
-0.900011,0.0907281,
-0.199253,-0.473981,
-0.473981,-0.199253,
end

-0.0664176,0.132835,
-0.0664176,0.132835,
-0.0243105,-0.216847,
0.0907281,0.809283,
-0.900011,0.809283,
0.241157,-0.216847,
0.199253,-0.673234,
-0.274729,4.32726e-16,
end

-0.216847,0.241157,
0.809283,-0.900011,
0.809283,0.0907281,
-0.216847,-0.0243105,
0.132835,-0.0664176,
0.132835,-0.0664176,
6.196e-17,-0.274729,
-0.673234,0.199253,
end

-0.205808,0.255698,
0.055146,-0.068514,
0.150662,0.150662,
0.150662,0.150662,
-0.068514,0.055146,
0.255698,-0.205808,
0.451985,-0.88586,
-0.88586,0.451985,
end

0.150662,-0.301323,
0.150662,-0.301323,
0.055146,0.013368,
-0.205808,-0.0498901,
0.255698,-0.0498901,
-0.068514,0.013368,
-0.451985,-0.433875,
-1.33785,1.47493e-16,
end

0.013368,-0.068514,
-0.0498901,0.255698,
-0.0498901,-0.205808,
0.013368,0.055146,
-0.301323,0.150662,
-0.301323,0.150662,
2.21039e-16,-1.33785,
-0.433875,-0.451985,
end

0.0907281,-0.900011,
-0.0243105,0.241157,
-0.0664176,-0.0664176,
-0.0664176,-0.0664176,
0.241157,-0.0243105,
-0.900011,0.0907281,
-0.199253,-0.473981,
-0.473981,-0.199253,
end

-0.0664176,0.132835,
-0.0664176,0.132835,
-0.0243105,-0.216847,
0.0907281,0.809283,
-0.900011,0.809283,
0.241157,-0.216847,
0.199253,-0.673234,
-0.274729,4.32726e-16,
end

-0.216847,0.241157,
0.809283,-0.900011,
0.809283,0.0907281,
-0.216847,-0.0243105,
0.132835,-0.0664176,
0.132835,-0.0664176,
6.196e-17,-0.274729,
-0.673234,0.199253,
end

-0.205808,0.255698,
0.055146,-0.068514,
0.150662,0.150662,
0.150662,0.150662,
-0.068514,0.055146,
0.255698,-0.205808,
0.451985,-0.88586,
-0.88586,0.451985,
end

0.150662,-0.301323,
0.150662,-0.301323,
0.055146,0.013368,
-0.205808,-0.0498901,
0.255698,-0.0498901,
-0.068514,0.013368,
-0.451985,-0.433875,
-1.33785,1.47493e-16,
end

0.013368,-0.068514,
-0.0498901,0.255698,
-0.0498901,-0.205808,
0.013368,0.055146,
-0.301323,0.150662,
-0.301323,0.150662,
2.21039e-16,-1.33785,
-0.433875,-0.451985,
end

0.0907281,-0.900011,
-0.0243105,0.241157,
-0.0664176,-0.0664176,
-0.0664176,-0.0664176,
0.241157,-0.0243105,
-0.900011,0.0907281,
-0.199253,-0.473981,
-0.473981,-0.199253,
end

-0.0664176,0.132835,
-0.0664176,0.132835,
-0.0243105,-0.216847,
0.0907281,0.809283,
-0.900011,0.809283,
0.241157,-0.216847,
0.199253,-0.673234,
-0.274729,4.32726e-16,
end

-0.216847,0.241157,
0.809283,-0.900011,
0.809283,0.0907281,
-0.216847,-0.0243105,
0.132835,-0.0664176,
0.132835,-0.0664176,
6.196e-17,-0.274729,
-0.673234,0.199253,
end

-0.205808,0.255698,
0.055146,-0.068514,
0.150662,0.150662,
0.150662,0.150662,
-0.068514,0.055146,
0.255698,-0.205808,
0.451985,-0.88586,
-0.88586,0.451985,
end

0.150662,-0.301323,
0.150662,-0.301323,
0.055146,0.013368,
-0.205808,-0.0498901,
0.255698,-0.0498901,
-0.068514,0.013368,
-0.451985,-0.433875,
-1.33785,1.47493e-16,
end

0.013368,-0.068514,
-0.0498901,0.255698,
-0.0498901,-0.205808,
0.013368,0.055146,
-0.301323,0.150662,
-0.301323,0.150662,
2.21039e-16,-1.33785,
-0.433875,-0.451985,
end

0.0907281,-0.900011,
-0.0243105,0.241157,
-0.0664176,-0.0664176,
-0.0664176,-0.0664176,
0.241157,-0.0243105,
-0.900011,0.0907281,
-0.199253,-0.473981,
-0.473981,-0.199253,
end

-0.0664176,0.132835,
-0.0664176,0.132835,
-0.0243105,-0.216847,
0.0907281,0.809283,
-0.900011,0.809283,
0.241157,-0.216847,
0.199253,-0.673234,
-0.274729,4.32726e-16,
end

-0.216847,0.241157,
0.809283,-0.900011,
0.809283,0.0907281,
-0.216847,-0.0243105,
0.132835,-0.0664176,
0.132835,-0.0664176,
6.196e-17,-0.274729,
-0.673234,0.199253,
end

-0.205808,0.255698,
0.055146,-0.068514,
0.150662,0.150662,
0.150662,0.150662,
-0.068514,0.055146,
0.255698,-0.205808,
0.451985,-0.88586,
-0.88586,0.451985,
end

0.150662,-0.301323,
0.150662,-0.301323,
0.055146,0.013368,
-0.205808,-0.0498901,
0.255698,-0.0498901,
-0.068514,0.013368,
-0.451985,-0.433875,
-1.33785,1.47493e-16,
end

0.013368,-0.068514,
-0.0498901,0.255698,
-0.0498901,-0.205808,
0.013368,0.055146,
-0.301323,0.150662,
-0.301323,0.150662,
2.21039e-16,-1.33785,
-0.433875,-0.451985,
end

0.0907281,-0.900011,
-0.0243105,0.241157,
-0.0664176,-0.0664176,
-0.0664176,-0.0664176,
0.241157,-0.0243105,
-0.900011,0.0907281,
-0.199253,-0.473981,
-0.473981,-0.199253,
end

-0.0664176,0.132835,
-0.0664176,0.132835,
-0.0243105,-0.216847,
0.0907281,0.809283,
-0.900011,0.809283,
0.241157,-0.216847,
0.199253,-0.673234,
-0.274729,4.32726e-16,
end

-0.216847,0.241157,
0.809283,-0.900011,
0.809283,0.0907281,
-0.216847,-0.0243105,
0.132835,-0.0664176,
0.132835,-0.0664176,
6.196e-17,-0.274729,
-0.673234,0.199253,
end

-0.205808,0.255698,
0.055146,-0.068514,
0.150662,0.150662,
0.150662,0.150662,
-0.068514,0.055146,
0.255698,-0.205808,
0.451985,-0.88586,
-0.88586,0.451985,
end

0.150662,-0.301323,
0.150662,-0.301323,
0.055146,0.013368,
-0.205808,-0.0498901,
0.255698,-0.0498901,
-0.068514,0.013368,
-0.451985,-0.433875,
-1.33785,1.47493e-16,
end

0.013368,-0.068514,
-0.0498901,0.255698,
-0.0498901,-0.205808,
0.013368,0.055146,
-0.301323,0.150662,
-0.301323,0.150662,
2.21039e-16,-1.33785,
-0.433875,-0.451985,
end

0.0907281,-0.900011,
-0.0243105,0.241157,
-0.0664176,-0.0664176,
-0.0664176,-0.0664176,
0.241157,-0.0243105,
-0.900011,0.0907281,
-0.199253,-0.473981,
-0.473981,-0.199253,
end

-0.0664176,0.132835,
-0.0664176,0.132835,
-0.0243105,-0.216847,
0.0907281,0.809283,
-0.900011,0.809283,
0.241157,-0.216847,
0.199253,-0.673234,
-0.274729,4.32726e-16,
end

-0.216847,0.241157,
0.809283,-0.900011,
0.809283,0.0907281,
-0.216847,-0.0243105,
0.132835,-0.0664176,
0.132835,-0.0664176,
6.196e-17,-0.274729,
-0.673234,0.199253,
end

-0.205808,0.255698,
0.055146,-0.068514,
0.150662,0.150662,
0.150662,0.150662,
-0.068514,0.055146,
0.255698,-0.205808,
0.451985,-0.88586,
-0.88586,0.451985,
end

0.150662,-0.301323,
0.150662,-0.301323,
0.055146,0.013368,
-0.205808,-0.0498901,
0.255698,-0.0498901,
-0.068514,0.013368,
-0.451985,-0.433875,
-1.33785,1.47493e-16,
end

0.013368,-0.068514,
-0.0498901,0.255698,
-0.0498901,-0.205808,
0.013368,0.055146,
-0.301323,0.150662,
-0.301323,0.150662,
2.21039e-16,-1.33785,
-0.433875,-0.451985,
end

0.0907281,-0.900011,
-0.0243105,0.241157,
-0.0664176,-0.0664176,
-0.0664176,-0.0664176,
0.241157,-0.0243105,
-0.900011,0.0907281,
-0.199253,-0.473981,
-0.473981,-0.199253,
end

-0.0664176,0.132835,
-0.0664176,0.132835,
-0.0243105,-0.216847,
0.0907281,0.809283,
-0.900011,0.809283,
0.241157,-0.216847,
0.199253,-0.673234,
-0.274729,4.32726e-16,
end

-0.216847,0.241157,
0.809283,-0.900011,
0.809283,0.0907281,
-0.216847,-0.0243105,
0.132835,-0.0664176,
0.132835,-0.0664176,
6.196e-17,-0.274729,
-0.673234,0.199253,
end

-0.205808,0.255698,
0.055146,-0.068514,
0.150662,0.150662,
0.150662,0.150662,
-0.068514,0.055146,
0.255698,-0.205808,
0.451985,-0.88586,
-0.88586,0.451985,
end

0.150662,-0.301323,
0.150662,-0.301323,
0.055146,0.013368,
-0.205808,-0.0498901,
0.255698,-0.0498901,
-0.068514,0.013368,
-0.451985,-0.433875,
-1.33785,1.47493e-16,
end

0.013368,-0.068514,
-0.0498901,0.255698,
-0.0498901,-0.205808,
0.013368,0.055146,
-0.301323,0.150662,
-0.301323,0.150662,
2.21039e-16,-1.33785,
-0.433875,-0.451985,
end

0.0907281,-0.900011,
-0.0243105,0.241157,
-0.0664176,-0.0664176,
-0.0664176,-0.0664176,
0.241157,-0.0243105,
-0.900011,0.0907281,
-0.199253,-0.473981,
-0.473981,-0.199253,
end

-0.0664176,0.132835,
-0.0664176,0.132835,
-0.0243105,-0.216847,
0.0907281,0.809283,
-0.900011,0.809283,
0.241157,-0.216847,
0.199253,-0.673234,
-0.274729,4.32726e-16,
end

-0.216847,0.241157,
0.809283,-0.900011,
0.809283,0.0907281,
-0.216847,-0.0243105,
0.132835,-0.0664176,
0.132835,-0.0664176,
6.196e-17,-0.274729,
-0.673234,0.199253,
end

-0.205808,0.255698,
0.055146,-0.068514,
0.150662,0.150662,
0.150662,0.150662,
-0.068514,0.055146,
0.255698,-0.205808,
0.451985,-0.88586,
-0.88586,0.451985,
end

0.150662,-0.301323,
0.150662,-0.301323,
0.055146,0.013368,
-0.205808,-0.0498901,
0.255698,-0.0498901,
-0.068514,0.013368,
-0.451985,-0.433875,
-1.33785,1.47493e-16,
end

0.013368,-0.068514,
-0.0498901,0.255698,
-0.0498901,-0.205808,
0.013368,0.055146,
-0.301323,0.150662,
-0.301323,0.150662,
2.21039e-16,-1.33785,
-0.433875,-0.451985,
end
Int Point = 0.0915762, 0.0915762

0.900011,0.0907281,
-0.241157,-0.0243105,
0.0664176,-0.0664176,
0.0664176,-0.0664176,
0.0243105,0.241157,
-0.0907281,-0.900011,
0.473981,-0.199253,
-0.199253,0.473981,
end
Int Point = 0.0915762, 0.816848

-0.132835,-0.0664176,
-0.132835,-0.0664176,
0.216847,-0.0243105,
-0.809283,0.0907281,
-0.809283,-0.900011,
0.216847,0.241157,
0.673234,0.199253,
1.6392e-17,0.274729,
end
Int Point = 0.816848, 0.0915762

-0.241157,-0.216847,
0.900011,0.809283,
-0.0907281,0.809283,
0.0243105,-0.216847,
0.0664176,0.132835,
0.0664176,0.132835,
0.274729,-4.25336e-17,
0.199253,0.673234,
end
Int Point = 0.445948, 0.445948

-0.255698,-0.205808,
0.068514,0.055146,
-0.150662,0.150662,
-0.150662,0.150662,
-0.055146,-0.068514,
0.205808,0.255698,
0.88586,0.451985,
0.451985,0.88586,
end
Int Point = 0.445948, 0.108103

0.301323,0.150662,
0.301323,0.150662,
-0.013368,0.055146,
0.0498901,-0.205808,
0.0498901,0.255698,
-0.013368,-0.068514,
0.433875,-0.451985,
6.42265e-17,1.33785,
end
Int Point = 0.108103, 0.445948

0.068514,0.013368,
-0.255698,-0.0498901,
0.205808,-0.0498901,
-0.055146,0.013368,
-0.150662,-0.301323,
-0.150662,-0.301323,
1.33785,1.83535e-16,
-0.451985,0.433875,
end
Int Point = 0.0915762, 0.0915762

0.900011,0.0907281,
-0.241157,-0.0243105,
0.0664176,-0.0664176,
0.0664176,-0.0664176,
0.0243105,0.241157,
-0.0907281,-0.900011,
0.473981,-0.199253,
-0.199253,0.473981,
end
Int Point = 0.0915762, 0.816848

-0.132835,-0.0664176,
-0.132835,-0.0664176,
0.216847,-0.0243105,
-0.809283,0.0907281,
-0.809283,-0.900011,
0.216847,0.241157,
0.673234,0.199253,
1.6392e-17,0.274729,
end
Int Point = 0.816848, 0.0915762

-0.241157,-0.216847,
0.900011,0.809283,
-0.0907281,0.809283,
0.0243105,-0.216847,
0.0664176,0.132835,
0.0664176,0.132835,
0.274729,-4.25336e-17,
0.199253,0.673234,
end
Int Point = 0.445948, 0.445948

-0.255698,-0.205808,
0.068514,0.055146,
-0.150662,0.150662,
-0.150662,0.150662,
-0.055146,-0.068514,
0.205808,0.255698,
0.88586,0.451985,
0.451985,0.88586,
end
Int Point = 0.445948, 0.108103

0.301323,0.150662,
0.301323,0.150662,
-0.013368,0.055146,
0.0498901,-0.205808,
0.0498901,0.255698,
-0.013368,-0.068514,
0.433875,-0.451985,
6.42265e-17,1.33785,
end
Int Point = 0.108103, 0.445948

0.068514,0.013368,
-0.255698,-0.0498901,
0.205808,-0.0498901,
-0.055146,0.013368,
-0.150662,-0.301323,
-0.150662,-0.301323,
1.33785,1.83535e-16,
-0.451985,0.433875,
end
Int Point = 0.0915762, 0.0915762

0.900011,0.0907281,
-0.241157,-0.0243105,
0.0664176,-0.0664176,
0.0664176,-0.0664176,
0.0243105,0.241157,
-0.0907281,-0.900011,
0.473981,-0.199253,
-0.199253,0.473981,
end
Int Point = 0.0915762, 0.816848

-0.132835,-0.0664176,
-0.132835,-0.0664176,
0.216847,-0.0243105,
-0.809283,0.0907281,
-0.809283,-0.900011,
0.216847,0.241157,
0.673234,0.199253,
1.6392e-17,0.274729,
end
Int Point = 0.816848, 0.0915762

-0.241157,-0.216847,
0.900011,0.809283,
-0.0907281,0.809283,
0.0243105,-0.216847,
0.0664176,0.132835,
0.0664176,0.132835,
0.274729,-4.25336e-17,
0.199253,0.673234,
end
Int Point = 0.445948, 0.445948

-0.255698,-0.205808,
0.068514,0.055146,
-0.150662,0.150662,
-0.150662,0.150662,
-0.055146,-0.068514,
0.205808,0.255698,
0.88586,0.451985,
0.451985,0.88586,
end
Int Point = 0.445948, 0.108103

0.301323,0.150662,
0.301323,0.150662,
-0.013368,0.055146,
0.0498901,-0.205808,
0.0498901,0.255698,
-0.013368,-0.068514,
0.433875,-0.451985,
6.42265e-17,1.33785,
end
Int Point = 0.108103, 0.445948

0.068514,0.013368,
-0.255698,-0.0498901,
0.205808,-0.0498901,
-0.055146,0.013368,
-0.150662,-0.301323,
-0.150662,-0.301323,
1.33785,1.83535e-16,
-0.451985,0.433875,
end
Int Point = 0.0915762, 0.0915762

0.900011,0.0907281,
-0.241157,-0.0243105,
0.0664176,-0.0664176,
0.0664176,-0.0664176,
0.0243105,0.241157,
-0.0907281,-0.900011,
0.473981,-0.199253,
-0.199253,0.473981,
end
Int Point = 0.0915762, 0.816848

-0.132835,-0.0664176,
-0.132835,-0.0664176,
0.216847,-0.0243105,
-0.809283,0.0907281,
-0.809283,-0.900011,
0.216847,0.241157,
0.673234,0.199253,
1.6392e-17,0.274729,
end
Int Point = 0.816848, 0.0915762

-0.241157,-0.216847,
0.900011,0.809283,
-0.0907281,0.809283,
0.0243105,-0.216847,
0.0664176,0.132835,
0.0664176,0.132835,
0.274729,-4.25336e-17,
0.199253,0.673234,
end
Int Point = 0.445948, 0.445948

-0.255698,-0.205808,
0.068514,0.055146,
-0.150662,0.150662,
-0.150662,0.150662,
-0.055146,-0.068514,
0.205808,0.255698,
0.88586,0.451985,
0.451985,0.88586,
end
Int Point = 0.445948, 0.108103

0.301323,0.150662,
0.301323,0.150662,
-0.013368,0.055146,
0.0498901,-0.205808,
0.0498901,0.255698,
-0.013368,-0.068514,
0.433875,-0.451985,
6.42265e-17,1.33785,
end
Int Point = 0.108103, 0.445948

0.068514,0.013368,
-0.255698,-0.0498901,
0.205808,-0.0498901,
-0.055146,0.013368,
-0.150662,-0.301323,
-0.150662,-0.301323,
1.33785,1.83535e-16,
-0.451985,0.433875,
end
Int Point = 0.0915762, 0.0915762

0.900011,0.0907281,
-0.241157,-0.0243105,
0.0664176,-0.0664176,
0.0664176,-0.0664176,
0.0243105,0.241157,
-0.0907281,-0.900011,
0.473981,-0.199253,
-0.199253,0.473981,
end
Int Point = 0.0915762, 0.816848

-0.132835,-0.0664176,
-0.132835,-0.0664176,
0.216847,-0.0243105,
-0.809283,0.0907281,
-0.809283,-0.900011,
0.216847,0.241157,
0.673234,0.199253,
1.6392e-17,0.274729,
end
Int Point = 0.816848, 0.0915762

-0.241157,-0.216847,
0.900011,0.809283,
-0.0907281,0.809283,
0.0243105,-0.216847,
0.0664176,0.132835,
0.0664176,0.132835,
0.274729,-4.25336e-17,
0.199253,0.673234,
end
Int Point = 0.445948, 0.445948

-0.255698,-0.205808,
0.068514,0.055146,
-0.150662,0.150662,
-0.150662,0.150662,
-0.055146,-0.068514,
0.205808,0.255698,
0.88586,0.451985,
0.451985,0.88586,
end
Int Point = 0.445948, 0.108103

0.301323,0.150662,
0.301323,0.150662,
-0.013368,0.055146,
0.0498901,-0.205808,
0.0498901,0.255698,
-0.013368,-0.068514,
0.433875,-0.451985,
6.42265e-17,1.33785,
end
Int Point = 0.108103, 0.445948

0.068514,0.013368,
-0.255698,-0.0498901,
0.205808,-0.0498901,
-0.055146,0.013368,
-0.150662,-0.301323,
-0.150662,-0.301323,
1.33785,1.83535e-16,
-0.451985,0.433875,
end
Int Point = 0.0915762, 0.0915762

0.900011,0.0907281,
-0.241157,-0.0243105,
0.0664176,-0.0664176,
0.0664176,-0.0664176,
0.0243105,0.241157,
-0.0907281,-0.900011,
0.473981,-0.199253,
-0.199253,0.473981,
end
Int Point = 0.0915762, 0.816848

-0.132835,-0.0664176,
-0.132835,-0.0664176,
0.216847,-0.0243105,
-0.809283,0.0907281,
-0.809283,-0.900011,
0.216847,0.241157,
0.673234,0.199253,
1.6392e-17,0.274729,
end
Int Point = 0.816848, 0.0915762

-0.241157,-0.216847,
0.900011,0.809283,
-0.0907281,0.809283,
0.0243105,-0.216847,
0.0664176,0.132835,
0.0664176,0.132835,
0.274729,-4.25336e-17,
0.199253,0.673234,
end
Int Point = 0.445948, 0.445948

-0.255698,-0.205808,
0.068514,0.055146,
-0.150662,0.150662,
-0.150662,0.150662,
-0.055146,-0.068514,
0.205808,0.255698,
0.88586,0.451985,
0.451985,0.88586,
end
Int Point = 0.445948, 0.108103

0.301323,0.150662,
0.301323,0.150662,
-0.013368,0.055146,
0.0498901,-0.205808,
0.0498901,0.255698,
-0.013368,-0.068514,
0.433875,-0.451985,
6.42265e-17,1.33785,
end
Int Point = 0.108103, 0.445948

0.068514,0.013368,
-0.255698,-0.0498901,
0.205808,-0.0498901,
-0.055146,0.013368,
-0.150662,-0.301323,
-0.150662,-0.301323,
1.33785,1.83535e-16,
-0.451985,0.433875,
end
Int Point = 0.0915762, 0.0915762

0.900011,0.0907281,
-0.241157,-0.0243105,
0.0664176,-0.0664176,
0.0664176,-0.0664176,
0.0243105,0.241157,
-0.0907281,-0.900011,
0.473981,-0.199253,
-0.199253,0.473981,
end
Int Point = 0.0915762, 0.816848

-0.132835,-0.0664176,
-0.132835,-0.0664176,
0.216847,-0.0243105,
-0.809283,0.0907281,
-0.809283,-0.900011,
0.216847,0.241157,
0.673234,0.199253,
1.6392e-17,0.274729,
end
Int Point = 0.816848, 0.0915762

-0.241157,-0.216847,
0.900011,0.809283,
-0.0907281,0.809283,
0.0243105,-0.216847,
0.0664176,0.132835,
0.0664176,0.132835,
0.274729,-4.25336e-17,
0.199253,0.673234,
end
Int Point = 0.445948, 0.445948

-0.255698,-0.205808,
0.068514,0.055146,
-0.150662,0.150662,
-0.150662,0.150662,
-0.055146,-0.068514,
0.205808,0.255698,
0.88586,0.451985,
0.451985,0.88586,
end
Int Point = 0.445948, 0.108103

0.301323,0.150662,
0.301323,0.150662,
-0.013368,0.055146,
0.0498901,-0.205808,
0.0498901,0.255698,
-0.013368,-0.068514,
0.433875,-0.451985,
6.42265e-17,1.33785,
end
Int Point = 0.108103, 0.445948

0.068514,0.013368,
-0.255698,-0.0498901,
0.205808,-0.0498901,
-0.055146,0.013368,
-0.150662,-0.301323,
-0.150662,-0.301323,
1.33785,1.83535e-16,
-0.451985,0.433875,
end
Int Point = 0.0915762, 0.0915762

0.900011,0.0907281,
-0.241157,-0.0243105,
0.0664176,-0.0664176,
0.0664176,-0.0664176,
0.0243105,0.241157,
-0.0907281,-0.900011,
0.473981,-0.199253,
-0.199253,0.473981,
end
Int Point = 0.0915762, 0.816848

-0.132835,-0.0664176,
-0.132835,-0.0664176,
0.216847,-0.0243105,
-0.809283,0.0907281,
-0.809283,-0.900011,
0.216847,0.241157,
0.673234,0.199253,
1.6392e-17,0.274729,
end
Int Point = 0.816848, 0.0915762

-0.241157,-0.216847,
0.900011,0.809283,
-0.0907281,0.809283,
0.0243105,-0.216847,
0.0664176,0.132835,
0.0664176,0.132835,
0.274729,-4.25336e-17,
0.199253,0.673234,
end
Int Point = 0.445948, 0.445948

-0.255698,-0.205808,
0.068514,0.055146,
-0.150662,0.150662,
-0.150662,0.150662,
-0.055146,-0.068514,
0.205808,0.255698,
0.88586,0.451985,
0.451985,0.88586,
end
Int Point = 0.445948, 0.108103

0.301323,0.150662,
0.301323,0.150662,
-0.013368,0.055146,
0.0498901,-0.205808,
0.0498901,0.255698,
-0.013368,-0.068514,
0.433875,-0.451985,
6.42265e-17,1.33785,
end
Int Point = 0.108103, 0.445948

0.068514,0.013368,
-0.255698,-0.0498901,
0.205808,-0.0498901,
-0.055146,0.013368,
-0.150662,-0.301323,
-0.150662,-0.301323,
1.33785,1.83535e-16,
-0.451985,0.433875,
end
Int Point = 0.0915762, 0.0915762

0.900011,0.0907281,
-0.241157,-0.0243105,
0.0664176,-0.0664176,
0.0664176,-0.0664176,
0.0243105,0.241157,
-0.0907281,-0.900011,
0.473981,-0.199253,
-0.199253,0.473981,
end
Int Point = 0.0915762, 0.816848

-0.132835,-0.0664176,
-0.132835,-0.0664176,
0.216847,-0.0243105,
-0.809283,0.0907281,
-0.809283,-0.900011,
0.216847,0.241157,
0.673234,0.199253,
1.6392e-17,0.274729,
end
Int Point = 0.816848, 0.0915762

-0.241157,-0.216847,
0.900011,0.809283,
-0.0907281,0.809283,
0.0243105,-0.216847,
0.0664176,0.132835,
0.0664176,0.132835,
0.274729,-4.25336e-17,
0.199253,0.673234,
end
Int Point = 0.445948, 0.445948

-0.255698,-0.205808,
0.068514,0.055146,
-0.150662,0.150662,
-0.150662,0.150662,
-0.055146,-0.068514,
0.205808,0.255698,
0.88586,0.451985,
0.451985,0.88586,
end
Int Point = 0.445948, 0.108103

0.301323,0.150662,
0.301323,0.150662,
-0.013368,0.055146,
0.0498901,-0.205808,
0.0498901,0.255698,
-0.013368,-0.068514,
0.433875,-0.451985,
6.42265e-17,1.33785,
end
Int Point = 0.108103, 0.445948

0.068514,0.013368,
-0.255698,-0.0498901,
0.205808,-0.0498901,
-0.055146,0.013368,
-0.150662,-0.301323,
-0.150662,-0.301323,
1.33785,1.83535e-16,
-0.451985,0.433875,
end
Int Point = 0.0915762, 0.0915762

0.900011,0.0907281,
-0.241157,-0.0243105,
0.0664176,-0.0664176,
0.0664176,-0.0664176,
0.0243105,0.241157,
-0.0907281,-0.900011,
0.473981,-0.199253,
-0.199253,0.473981,
end
Int Point = 0.0915762, 0.816848

-0.132835,-0.0664176,
-0.132835,-0.0664176,
0.216847,-0.0243105,
-0.809283,0.0907281,
-0.809283,-0.900011,
0.216847,0.241157,
0.673234,0.199253,
1.6392e-17,0.274729,
end
Int Point = 0.816848, 0.0915762

-0.241157,-0.216847,
0.900011,0.809283,
-0.0907281,0.809283,
0.0243105,-0.216847,
0.0664176,0.132835,
0.0664176,0.132835,
0.274729,-4.25336e-17,
0.199253,0.673234,
end
Int Point = 0.445948, 0.445948

-0.255698,-0.205808,
0.068514,0.055146,
-0.150662,0.150662,
-0.150662,0.150662,
-0.055146,-0.068514,
0.205808,0.255698,
0.88586,0.451985,
0.451985,0.88586,
end
Int Point = 0.445948, 0.108103

0.301323,0.150662,
0.301323,0.150662,
-0.013368,0.055146,
0.0498901,-0.205808,
0.0498901,0.255698,
-0.013368,-0.068514,
0.433875,-0.451985,
6.42265e-17,1.33785,
end
Int Point = 0.108103, 0.445948

0.068514,0.013368,
-0.255698,-0.0498901,
0.205808,-0.0498901,
-0.055146,0.013368,
-0.150662,-0.301323,
-0.150662,-0.301323,
1.33785,1.83535e-16,
-0.451985,0.433875,
end
Int Point = 0.0915762, 0.0915762

0.900011,0.0907281,
-0.241157,-0.0243105,
0.0664176,-0.0664176,
0.0664176,-0.0664176,
0.0243105,0.241157,
-0.0907281,-0.900011,
0.473981,-0.199253,
-0.199253,0.473981,
end
Int Point = 0.0915762, 0.816848

-0.132835,-0.0664176,
-0.132835,-0.0664176,
0.216847,-0.0243105,
-0.809283,0.0907281,
-0.809283,-0.900011,
0.216847,0.241157,
0.673234,0.199253,
1.6392e-17,0.274729,
end
Int Point = 0.816848, 0.0915762

-0.241157,-0.216847,
0.900011,0.809283,
-0.0907281,0.809283,
0.0243105,-0.216847,
0.0664176,0.132835,
0.0664176,0.132835,
0.274729,-4.25336e-17,
0.199253,0.673234,
end
Int Point = 0.445948, 0.445948

-0.255698,-0.205808,
0.068514,0.055146,
-0.150662,0.150662,
-0.150662,0.150662,
-0.055146,-0.068514,
0.205808,0.255698,
0.88586,0.451985,
0.451985,0.88586,
end
Int Point = 0.445948, 0.108103

0.301323,0.150662,
0.301323,0.150662,
-0.013368,0.055146,
0.0498901,-0.205808,
0.0498901,0.255698,
-0.013368,-0.068514,
0.433875,-0.451985,
6.42265e-17,1.33785,
end
Int Point = 0.108103, 0.445948

0.068514,0.013368,
-0.255698,-0.0498901,
0.205808,-0.0498901,
-0.055146,0.013368,
-0.150662,-0.301323,
-0.150662,-0.301323,
1.33785,1.83535e-16,
-0.451985,0.433875,
end
Int Point = 0.0915762, 0.0915762

0.900011,0.0907281,
-0.241157,-0.0243105,
0.0664176,-0.0664176,
0.0664176,-0.0664176,
0.0243105,0.241157,
-0.0907281,-0.900011,
0.473981,-0.199253,
-0.199253,0.473981,
end
Int Point = 0.0915762, 0.816848

-0.132835,-0.0664176,
-0.132835,-0.0664176,
0.216847,-0.0243105,
-0.809283,0.0907281,
-0.809283,-0.900011,
0.216847,0.241157,
0.673234,0.199253,
1.6392e-17,0.274729,
end
Int Point = 0.816848, 0.0915762

-0.241157,-0.216847,
0.900011,0.809283,
-0.0907281,0.809283,
0.0243105,-0.216847,
0.0664176,0.132835,
0.0664176,0.132835,
0.274729,-4.25336e-17,
0.199253,0.673234,
end
Int Point = 0.445948, 0.445948

-0.255698,-0.205808,
0.068514,0.055146,
-0.150662,0.150662,
-0.150662,0.150662,
-0.055146,-0.068514,
0.205808,0.255698,
0.88586,0.451985,
0.451985,0.88586,
end
Int Point = 0.445948, 0.108103

0.301323,0.150662,
0.301323,0.150662,
-0.013368,0.055146,
0.0498901,-0.205808,
0.0498901,0.255698,
-0.013368,-0.068514,
0.433875,-0.451985,
6.42265e-17,1.33785,
end
Int Point = 0.108103, 0.445948

0.068514,0.013368,
-0.255698,-0.0498901,
0.205808,-0.0498901,
-0.055146,0.013368,
-0.150662,-0.301323,
-0.150662,-0.301323,
1.33785,1.83535e-16,
-0.451985,0.433875,
end
Int Point = 0.0915762, 0.0915762

0.900011,0.0907281,
-0.241157,-0.0243105,
0.0664176,-0.0664176,
0.0664176,-0.0664176,
0.0243105,0.241157,
-0.0907281,-0.900011,
0.473981,-0.199253,
-0.199253,0.473981,
end
Int Point = 0.0915762, 0.816848

-0.132835,-0.0664176,
-0.132835,-0.0664176,
0.216847,-0.0243105,
-0.809283,0.0907281,
-0.809283,-0.900011,
0.216847,0.241157,
0.673234,0.199253,
1.6392e-17,0.274729,
end
Int Point = 0.816848, 0.0915762

-0.241157,-0.216847,
0.900011,0.809283,
-0.0907281,0.809283,
0.0243105,-0.216847,
0.0664176,0.132835,
0.0664176,0.132835,
0.274729,-4.25336e-17,
0.199253,0.673234,
end
Int Point = 0.445948, 0.445948

-0.255698,-0.205808,
0.068514,0.055146,
-0.150662,0.150662,
-0.150662,0.150662,
-0.055146,-0.068514,
0.205808,0.255698,
0.88586,0.451985,
0.451985,0.88586,
end
Int Point = 0.445948, 0.108103

0.301323,0.150662,
0.301323,0.150662,
-0.013368,0.055146,
0.0498901,-0.205808,
0.0498901,0.255698,
-0.013368,-0.068514,
0.433875,-0.451985,
6.42265e-17,1.33785,
end
Int Point = 0.108103, 0.445948

0.068514,0.013368,
-0.255698,-0.0498901,
0.205808,-0.0498901,
-0.055146,0.013368,
-0.150662,-0.301323,
-0.150662,-0.301323,
1.33785,1.83535e-16,
-0.451985,0.433875,
end
Int Point = 0.0915762, 0.0915762

0.900011,0.0907281,
-0.241157,-0.0243105,
0.0664176,-0.0664176,
0.0664176,-0.0664176,
0.0243105,0.241157,
-0.0907281,-0.900011,
0.473981,-0.199253,
-0.199253,0.473981,
end
Int Point = 0.0915762, 0.816848

-0.132835,-0.0664176,
-0.132835,-0.0664176,
0.216847,-0.0243105,
-0.809283,0.0907281,
-0.809283,-0.900011,
0.216847,0.241157,
0.673234,0.199253,
1.6392e-17,0.274729,
end
Int Point = 0.816848, 0.0915762

-0.241157,-0.216847,
0.900011,0.809283,
-0.0907281,0.809283,
0.0243105,-0.216847,
0.0664176,0.132835,
0.0664176,0.132835,
0.274729,-4.25336e-17,
0.199253,0.673234,
end
Int Point = 0.445948, 0.445948

-0.255698,-0.205808,
0.068514,0.055146,
-0.150662,0.150662,
-0.150662,0.150662,
-0.055146,-0.068514,
0.205808,0.255698,
0.88586,0.451985,
0.451985,0.88586,
end
Int Point = 0.445948, 0.108103

0.301323,0.150662,
0.301323,0.150662,
-0.013368,0.055146,
0.0498901,-0.205808,
0.0498901,0.255698,
-0.013368,-0.068514,
0.433875,-0.451985,
6.42265e-17,1.33785,
end
Int Point = 0.108103, 0.445948

0.068514,0.013368,
-0.255698,-0.0498901,
0.205808,-0.0498901,
-0.055146,0.013368,
-0.150662,-0.301323,
-0.150662,-0.301323,
1.33785,1.83535e-16,
-0.451985,0.433875,
end
Int Point = 0.0915762, 0.0915762

0.900011,0.0907281,
-0.241157,-0.0243105,
0.0664176,-0.0664176,
0.0664176,-0.0664176,
0.0243105,0.241157,
-0.0907281,-0.900011,
0.473981,-0.199253,
-0.199253,0.473981,
end
Int Point = 0.0915762, 0.816848

-0.132835,-0.0664176,
-0.132835,-0.0664176,
0.216847,-0.0243105,
-0.809283,0.0907281,
-0.809283,-0.900011,
0.216847,0.241157,
0.673234,0.199253,
1.6392e-17,0.274729,
end
Int Point = 0.816848, 0.0915762

-0.241157,-0.216847,
0.900011,0.809283,
-0.0907281,0.809283,
0.0243105,-0.216847,
0.0664176,0.132835,
0.0664176,0.132835,
0.274729,-4.25336e-17,
0.199253,0.673234,
end
Int Point = 0.445948, 0.445948

-0.255698,-0.205808,
0.068514,0.055146,
-0.150662,0.150662,
-0.150662,0.150662,
-0.055146,-0.068514,
0.205808,0.255698,
0.88586,0.451985,
0.451985,0.88586,
end
Int Point = 0.445948, 0.108103

0.301323,0.150662,
0.301323,0.150662,
-0.013368,0.055146,
0.0498901,-0.205808,
0.0498901,0.255698,
-0.013368,-0.068514,
0.433875,-0.451985,
6.42265e-17,1.33785,
end
Int Point = 0.108103, 0.445948

0.068514,0.013368,
-0.255698,-0.0498901,
0.205808,-0.0498901,
-0.055146,0.013368,
-0.150662,-0.301323,
-0.150662,-0.301323,
1.33785,1.83535e-16,
-0.451985,0.433875,
end
Int Point = 0.0915762, 0.0915762

0.900011,0.0907281,
-0.241157,-0.0243105,
0.0664176,-0.0664176,
0.0664176,-0.0664176,
0.0243105,0.241157,
-0.0907281,-0.900011,
0.473981,-0.199253,
-0.199253,0.473981,
end
Int Point = 0.0915762, 0.816848

-0.132835,-0.0664176,
-0.132835,-0.0664176,
0.216847,-0.0243105,
-0.809283,0.0907281,
-0.809283,-0.900011,
0.216847,0.241157,
0.673234,0.199253,
1.6392e-17,0.274729,
end
Int Point = 0.816848, 0.0915762

-0.241157,-0.216847,
0.900011,0.809283,
-0.0907281,0.809283,
0.0243105,-0.216847,
0.0664176,0.132835,
0.0664176,0.132835,
0.274729,-4.25336e-17,
0.199253,0.673234,
end
Int Point = 0.445948, 0.445948

-0.255698,-0.205808,
0.068514,0.055146,
-0.150662,0.150662,
-0.150662,0.150662,
-0.055146,-0.068514,
0.205808,0.255698,
0.88586,0.451985,
0.451985,0.88586,
end
Int Point = 0.445948, 0.108103

0.301323,0.150662,
0.301323,0.150662,
-0.013368,0.055146,
0.0498901,-0.205808,
0.0498901,0.255698,
-0.013368,-0.068514,
0.433875,-0.451985,
6.42265e-17,1.33785,
end
Int Point = 0.108103, 0.445948

0.068514,0.013368,
-0.255698,-0.0498901,
0.205808,-0.0498901,
-0.055146,0.013368,
-0.150662,-0.301323,
-0.150662,-0.301323,
1.33785,1.83535e-16,
-0.451985,0.433875,
end

0.0685099,-1.02408,
-0.0187634,0.280473,
-0.0505045,-0.0546623,
-0.0499496,-0.0540617,
0.270624,-0.0194877,
-1.03277,0.0743698,
-0.150201,-0.365119,
-0.338309,-0.163606,
end

-0.251137,0.270624,
0.9584,-1.03277,
0.955567,0.0685099,
-0.261709,-0.0187634,
0.105167,-0.0505045,
0.104011,-0.0499496,
-0.0134055,-0.188108,
-0.51532,0.150201,
end

-0.0546623,0.105167,
-0.0540617,0.104011,
-0.0194877,-0.251137,
0.0743698,0.9584,
-1.02408,0.955567,
0.280473,-0.261709,
0.163606,-0.501915,
-0.201513,0.0134055,
end

0.0281478,-0.345823,
-0.0261877,0.321741,
-0.0367531,-0.213963,
-0.0112829,-0.0656847,
-0.147216,0.0500971,
-0.641031,0.21814,
-0.0499961,-1.25557,
-0.259788,-0.547885,
end

0.0971193,-0.147216,
0.422891,-0.641031,
0.317675,0.0281478,
-0.295553,-0.0261877,
0.250717,-0.0367531,
0.0769676,-0.0112829,
-0.497889,-0.209792,
-1.30556,0.0499961,
end

-0.213963,0.250717,
-0.0656847,0.0769676,
0.0500971,0.0971193,
0.21814,0.422891,
-0.345823,0.317675,
0.321741,-0.295553,
0.547885,-0.807673,
-0.707681,0.497889,
end

-0.00882988,0.0872204,
-0.0249057,0.246015,
-0.017154,-0.330318,
0.0200997,0.387041,
-0.731028,0.500346,
-0.13521,0.0925432,
0.0366813,-1.27651,
-0.130817,-0.536166,
end

0.230681,-0.731028,
0.0426665,-0.13521,
-0.0783905,-0.00882988,
-0.221109,-0.0249057,
0.347472,-0.017154,
-0.407141,0.0200997,
-0.572848,-0.167498,
-1.23983,-0.0366813,
end

-0.330318,0.347472,
0.387041,-0.407141,
0.500346,0.230681,
0.0925432,0.0426665,
0.0872204,-0.0783905,
0.246015,-0.221109,
0.536166,-0.666983,
-0.740346,0.572848,
end

-0.0951849,0.133278,
0.181254,-0.253792,
0.204563,0.110131,
-0.00819444,-0.00441168,
0.10266,-0.0588863,
0.16243,-0.0931708,
0.110299,-0.773766,
-1.06872,0.257777,
end

-0.0437734,0.10266,
-0.0692589,0.16243,
-0.0380933,-0.0951849,
0.0725383,0.181254,
-0.314694,0.204563,
0.0126061,-0.00819444,
0.147477,-1.17902,
-0.663467,-0.110299,
end

0.110131,-0.314694,
-0.00441168,0.0126061,
-0.0588863,-0.0437734,
-0.0931708,-0.0692589,
0.133278,-0.0380933,
-0.253792,0.0725383,
-0.257777,-0.810944,
-1.03154,-0.147477,
end

0.0685099,-1.02408,
-0.0187634,0.280473,
-0.0505045,-0.0546623,
-0.0499496,-0.0540617,
0.270624,-0.0194877,
-1.03277,0.0743698,
-0.150201,-0.365119,
-0.338309,-0.163606,
end

-0.251137,0.270624,
0.9584,-1.03277,
0.955567,0.0685099,
-0.261709,-0.0187634,
0.105167,-0.0505045,
0.104011,-0.0499496,
-0.0134055,-0.188108,
-0.51532,0.150201,
end

-0.0546623,0.105167,
-0.0540617,0.104011,
-0.0194877,-0.251137,
0.0743698,0.9584,
-1.02408,0.955567,
0.280473,-0.261709,
0.163606,-0.501915,
-0.201513,0.0134055,
end

0.0281478,-0.345823,
-0.0261877,0.321741,
-0.0367531,-0.213963,
-0.0112829,-0.0656847,
-0.147216,0.0500971,
-0.641031,0.21814,
-0.0499961,-1.25557,
-0.259788,-0.547885,
end

0.0971193,-0.147216,
0.422891,-0.641031,
0.317675,0.0281478,
-0.295553,-0.0261877,
0.250717,-0.0367531,
0.0769676,-0.0112829,
-0.497889,-0.209792,
-1.30556,0.0499961,
end

-0.213963,0.250717,
-0.0656847,0.0769676,
0.0500971,0.0971193,
0.21814,0.422891,
-0.345823,0.317675,
0.321741,-0.295553,
0.547885,-0.807673,
-0.707681,0.497889,
end

-0.00882988,0.0872204,
-0.0249057,0.246015,
-0.017154,-0.330318,
0.0200997,0.387041,
-0.731028,0.500346,
-0.13521,0.0925432,
0.0366813,-1.27651,
-0.130817,-0.536166,
end

0.230681,-0.731028,
0.0426665,-0.13521,
-0.0783905,-0.00882988,
-0.221109,-0.0249057,
0.347472,-0.017154,
-0.407141,0.0200997,
-0.572848,-0.167498,
-1.23983,-0.0366813,
end

-0.330318,0.347472,
0.387041,-0.407141,
0.500346,0.230681,
0.0925432,0.0426665,
0.0872204,-0.0783905,
0.246015,-0.221109,
0.536166,-0.666983,
-0.740346,0.572848,
end

-0.0951849,0.133278,
0.181254,-0.253792,
0.204563,0.110131,
-0.00819444,-0.00441168,
0.10266,-0.0588863,
0.16243,-0.0931708,
0.110299,-0.773766,
-1.06872,0.257777,
end

-0.0437734,0.10266,
-0.0692589,0.16243,
-0.0380933,-0.0951849,
0.0725383,0.181254,
-0.314694,0.204563,
0.0126061,-0.00819444,
0.147477,-1.17902,
-0.663467,-0.110299,
end

0.110131,-0.314694,
-0.00441168,0.0126061,
-0.0588863,-0.0437734,
-0.0931708,-0.0692589,
0.133278,-0.0380933,
-0.253792,0.0725383,
-0.257777,-0.810944,
-1.03154,-0.147477,
end

0.0685099,-1.02408,
-0.0187634,0.280473,
-0.0505045,-0.0546623,
-0.0499496,-0.0540617,
0.270624,-0.0194877,
-1.03277,0.0743698,
-0.150201,-0.365119,
-0.338309,-0.163606,
end

-0.251137,0.270624,
0.9584,-1.03277,
0.955567,0.0685099,
-0.261709,-0.0187634,
0.105167,-0.0505045,
0.104011,-0.0499496,
-0.0134055,-0.188108,
-0.51532,0.150201,
end

-0.0546623,0.105167,
-0.0540617,0.104011,
-0.0194877,-0.251137,
0.0743698,0.9584,
-1.02408,0.955567,
0.280473,-0.261709,
0.163606,-0.501915,
-0.201513,0.0134055,
end

0.0281478,-0.345823,
-0.0261877,0.321741,
-0.0367531,-0.213963,
-0.0112829,-0.0656847,
-0.147216,0.0500971,
-0.641031,0.21814,
-0.0499961,-1.25557,
-0.259788,-0.547885,
end

0.0971193,-0.147216,
0.422891,-0.641031,
0.317675,0.0281478,
-0.295553,-0.0261877,
0.250717,-0.0367531,
0.0769676,-0.0112829,
-0.497889,-0.209792,
-1.30556,0.0499961,
end

-0.213963,0.250717,
-0.0656847,0.0769676,
0.0500971,0.0971193,
0.21814,0.422891,
-0.345823,0.317675,
0.321741,-0.295553,
0.547885,-0.807673,
-0.707681,0.497889,
end

-0.00882988,0.0872204,
-0.0249057,0.246015,
-0.017154,-0.330318,
0.0200997,0.387041,
-0.731028,0.500346,
-0.13521,0.0925432,
0.0366813,-1.27651,
-0.130817,-0.536166,
end

0.230681,-0.731028,
0.0426665,-0.13521,
-0.0783905,-0.00882988,
-0.221109,-0.0249057,
0.347472,-0.017154,
-0.407141,0.0200997,
-0.572848,-0.167498,
-1.23983,-0.0366813,
end

-0.330318,0.347472,
0.387041,-0.407141,
0.500346,0.230681,
0.0925432,0.0426665,
0.0872204,-0.0783905,
0.246015,-0.221109,
0.536166,-0.666983,
-0.740346,0.572848,
end

-0.0951849,0.133278,
0.181254,-0.253792,
0.204563,0.110131,
-0.00819444,-0.00441168,
0.10266,-0.0588863,
0.16243,-0.0931708,
0.110299,-0.773766,
-1.06872,0.257777,
end

-0.0437734,0.10266,
-0.0692589,0.16243,
-0.0380933,-0.0951849,
0.0725383,0.181254,
-0.314694,0.204563,
0.0126061,-0.00819444,
0.147477,-1.17902,
-0.663467,-0.110299,
end

0.110131,-0.314694,
-0.00441168,0.0126061,
-0.0588863,-0.0437734,
-0.0931708,-0.0692589,
0.133278,-0.0380933,
-0.253792,0.0725383,
-0.257777,-0.810944,
-1.03154,-0.147477,
end

0.0685099,-1.02408,
-0.0187634,0.280473,
-0.0505045,-0.0546623,
-0.0499496,-0.0540617,
0.270624,-0.0194877,
-1.03277,0.0743698,
-0.150201,-0.365119,
-0.338309,-0.163606,
end

-0.251137,0.270624,
0.9584,-1.03277,
0.955567,0.0685099,
-0.261709,-0.0187634,
0.105167,-0.0505045,
0.104011,-0.0499496,
-0.0134055,-0.188108,
-0.51532,0.150201,
end

-0.0546623,0.105167,
-0.0540617,0.104011,
-0.0194877,-0.251137,
0.0743698,0.9584,
-1.02408,0.955567,
0.280473,-0.261709,
0.163606,-0.501915,
-0.201513,0.0134055,
end

0.0281478,-0.345823,
-0.0261877,0.321741,
-0.0367531,-0.213963,
-0.0112829,-0.0656847,
-0.147216,0.0500971,
-0.641031,0.21814,
-0.0499961,-1.25557,
-0.259788,-0.547885,
end

0.0971193,-0.147216,
0.422891,-0.641031,
0.317675,0.0281478,
-0.295553,-0.0261877,
0.250717,-0.0367531,
0.0769676,-0.0112829,
-0.497889,-0.209792,
-1.30556,0.0499961,
end

-0.213963,0.250717,
-0.0656847,0.0769676,
0.0500971,0.0971193,
0.21814,0.422891,
-0.345823,0.317675,
0.321741,-0.295553,
0.547885,-0.807673,
-0.707681,0.497889,
end

-0.00882988,0.0872204,
-0.0249057,0.246015,
-0.017154,-0.330318,
0.0200997,0.387041,
-0.731028,0.500346,
-0.13521,0.0925432,
0.0366813,-1.27651,
-0.130817,-0.536166,
end

0.230681,-0.731028,
0.0426665,-0.13521,
-0.0783905,-0.00882988,
-0.221109,-0.0249057,
0.347472,-0.017154,
-0.407141,0.0200997,
-0.572848,-0.167498,
-1.23983,-0.0366813,
end

-0.330318,0.347472,
0.387041,-0.407141,
0.500346,0.230681,
0.0925432,0.0426665,
0.0872204,-0.0783905,
0.246015,-0.221109,
0.536166,-0.666983,
-0.740346,0.572848,
end

-0.0951849,0.133278,
0.181254,-0.253792,
0.204563,0.110131,
-0.00819444,-0.00441168,
0.10266,-0.0588863,
0.16243,-0.0931708,
0.110299,-0.773766,
-1.06872,0.257777,
end

-0.0437734,0.10266,
-0.0692589,0.16243,
-0.0380933,-0.0951849,
0.0725383,0.181254,
-0.314694,0.204563,
0.0126061,-0.00819444,
0.147477,-1.17902,
-0.663467,-0.110299,
end

0.110131,-0.314694,
-0.00441168,0.0126061,
-0.0588863,-0.0437734,
-0.0931708,-0.0692589,
0.133278,-0.0380933,
-0.253792,0.0725383,
-0.257777,-0.810944,
-1.03154,-0.147477,
end

0.0685099,-1.02408,
-0.0187634,0.280473,
-0.0505045,-0.0546623,
-0.0499496,-0.0540617,
0.270624,-0.0194877,
-1.03277,0.0743698,
-0.150201,-0.365119,
-0.338309,-0.163606,
end

-0.251137,0.270624,
0.9584,-1.03277,
0.955567,0.0685099,
-0.261709,-0.0187634,
0.105167,-0.0505045,
0.104011,-0.0499496,
-0.0134055,-0.188108,
-0.51532,0.150201,
end

-0.0546623,0.105167,
-0.0540617,0.104011,
-0.0194877,-0.251137,
0.0743698,0.9584,
-1.02408,0.955567,
0.280473,-0.261709,
0.163606,-0.501915,
-0.201513,0.0134055,
end

0.0281478,-0.345823,
-0.0261877,0.321741,
-0.0367531,-0.213963,
-0.0112829,-0.0656847,
-0.147216,0.0500971,
-0.641031,0.21814,
-0.0499961,-1.25557,
-0.259788,-0.547885,
end

0.0971193,-0.147216,
0.422891,-0.641031,
0.317675,0.0281478,
-0.295553,-0.0261877,
0.250717,-0.0367531,
0.0769676,-0.0112829,
-0.497889,-0.209792,
-1.30556,0.0499961,
end

-0.213963,0.250717,
-0.0656847,0.0769676,
0.0500971,0.0971193,
0.21814,0.422891,
-0.345823,0.317675,
0.321741,-0.295553,
0.547885,-0.807673,
-0.707681,0.497889,
end

-0.00882988,0.0872204,
-0.0249057,0.246015,
-0.017154,-0.330318,
0.0200997,0.387041,
-0.731028,0.500346,
-0.13521,0.0925432,
0.0366813,-1.27651,
-0.130817,-0.536166,
end

0.230681,-0.731028,
0.0426665,-0.13521,
-0.0783905,-0.00882988,
-0.221109,-0.0249057,
0.347472,-0.017154,
-0.407141,0.0200997,
-0.572848,-0.167498,
-1.23983,-0.0366813,
end

-0.330318,0.347472,
0.387041,-0.407141,
0.500346,0.230681,
0.0925432,0.0426665,
0.0872204,-0.0783905,
0.246015,-0.221109,
0.536166,-0.666983,
-0.740346,0.572848,
end

-0.0951849,0.133278,
0.181254,-0.253792,
0.204563,0.110131,
-0.00819444,-0.00441168,
0.10266,-0.0588863,
0.16243,-0.0931708,
0.110299,-0.773766,
-1.06872,0.257777,
end

-0.0437734,0.10266,
-0.0692589,0.16243,
-0.0380933,-0.0951849,
0.0725383,0.181254,
-0.314694,0.204563,
0.0126061,-0.00819444,
0.147477,-1.17902,
-0.663467,-0.110299,
end

0.110131,-0.314694,
-0.00441168,0.0126061,
-0.0588863,-0.0437734,
-0.0931708,-0.0692589,
0.133278,-0.0380933,
-0.253792,0.0725383,
-0.257777,-0.810944,
-1.03154,-0.147477,
end

0.0685099,-1.02408,
-0.0187634,0.280473,
-0.0505045,-0.0546623,
-0.0499496,-0.0540617,
0.270624,-0.0194877,
-1.03277,0.0743698,
-0.150201,-0.365119,
-0.338309,-0.163606,
end

-0.251137,0.270624,
0.9584,-1.03277,
0.955567,0.0685099,
-0.261709,-0.0187634,
0.105167,-0.0505045,
0.104011,-0.0499496,
-0.0134055,-0.188108,
-0.51532,0.150201,
end

-0.0546623,0.105167,
-0.0540617,0.104011,
-0.0194877,-0.251137,
0.0743698,0.9584,
-1.02408,0.955567,
0.280473,-0.261709,
0.163606,-0.501915,
-0.201513,0.0134055,
end

0.0281478,-0.345823,
-0.0261877,0.321741,
-0.0367531,-0.213963,
-0.0112829,-0.0656847,
-0.147216,0.0500971,
-0.641031,0.21814,
-0.0499961,-1.25557,
-0.259788,-0.547885,
end

0.0971193,-0.147216,
0.422891,-0.641031,
0.317675,0.0281478,
-0.295553,-0.0261877,
0.250717,-0.0367531,
0.0769676,-0.0112829,
-0.497889,-0.209792,
-1.30556,0.0499961,
end

-0.213963,0.250717,
-0.0656847,0.0769676,
0.0500971,0.0971193,
0.21814,0.422891,
-0.345823,0.317675,
0.321741,-0.295553,
0.547885,-0.807673,
-0.707681,0.497889,
end

-0.00882988,0.0872204,
-0.0249057,0.246015,
-0.017154,-0.330318,
0.0200997,0.387041,
-0.731028,0.500346,
-0.13521,0.0925432,
0.0366813,-1.27651,
-0.130817,-0.536166,
end

0.230681,-0.731028,
0.0426665,-0.13521,
-0.0783905,-0.00882988,
-0.221109,-0.0249057,
0.347472,-0.017154,
-0.407141,0.0200997,
-0.572848,-0.167498,
-1.23983,-0.0366813,
end

-0.330318,0.347472,
0.387041,-0.407141,
0.500346,0.230681,
0.0925432,0.0426665,
0.0872204,-0.0783905,
0.246015,-0.221109,
0.536166,-0.666983,
-0.740346,0.572848,
end

-0.0951849,0.133278,
0.181254,-0.253792,
0.204563,0.110131,
-0.00819444,-0.00441168,
0.10266,-0.0588863,
0.16243,-0.0931708,
0.110299,-0.773766,
-1.06872,0.257777,
end

-0.0437734,0.10266,
-0.0692589,0.16243,
-0.0380933,-0.0951849,
0.0725383,0.181254,
-0.314694,0.204563,
0.0126061,-0.00819444,
0.147477,-1.17902,
-0.663467,-0.110299,
end

0.110131,-0.314694,
-0.00441168,0.0126061,
-0.0588863,-0.0437734,
-0.0931708,-0.0692589,
0.133278,-0.0380933,
-0.253792,0.0725383,
-0.257777,-0.810944,
-1.03154,-0.147477,
end

0.0685099,-1.02408,
-0.0187634,0.280473,
-0.0505045,-0.0546623,
-0.0499496,-0.0540617,
0.270624,-0.0194877,
-1.03277,0.0743698,
-0.150201,-0.365119,
-0.338309,-0.163606,
end

-0.251137,0.270624,
0.9584,-1.03277,
0.955567,0.0685099,
-0.261709,-0.0187634,
0.105167,-0.0505045,
0.104011,-0.0499496,
-0.0134055,-0.188108,
-0.51532,0.150201,
end

-0.0546623,0.105167,
-0.0540617,0.104011,
-0.0194877,-0.251137,
0.0743698,0.9584,
-1.02408,0.955567,
0.280473,-0.261709,
0.163606,-0.501915,
-0.201513,0.0134055,
end

0.0281478,-0.345823,
-0.0261877,0.321741,
-0.0367531,-0.213963,
-0.0112829,-0.0656847,
-0.147216,0.0500971,
-0.641031,0.21814,
-0.0499961,-1.25557,
-0.259788,-0.547885,
end

0.0971193,-0.147216,
0.422891,-0.641031,
0.317675,0.0281478,
-0.295553,-0.0261877,
0.250717,-0.0367531,
0.0769676,-0.0112829,
-0.497889,-0.209792,
-1.30556,0.0499961,
end

-0.213963,0.250717,
-0.0656847,0.0769676,
0.0500971,0.0971193,
0.21814,0.422891,
-0.345823,0.317675,
0.321741,-0.295553,
0.547885,-0.807673,
-0.707681,0.497889,
end

-0.00882988,0.0872204,
-0.0249057,0.246015,
-0.017154,-0.330318,
0.0200997,0.387041,
-0.731028,0.500346,
-0.13521,0.0925432,
0.0366813,-1.27651,
-0.130817,-0.536166,
end

0.230681,-0.731028,
0.0426665,-0.13521,
-0.0783905,-0.00882988,
-0.221109,-0.0249057,
0.347472,-0.017154,
-0.407141,0.0200997,
-0.572848,-0.167498,
-1.23983,-0.0366813,
end

-0.330318,0.347472,
0.387041,-0.407141,
0.500346,0.230681,
0.0925432,0.0426665,
0.0872204,-0.0783905,
0.246015,-0.221109,
0.536166,-0.666983,
-0.740346,0.572848,
end

-0.0951849,0.133278,
0.181254,-0.253792,
0.204563,0.110131,
-0.00819444,-0.00441168,
0.10266,-0.0588863,
0.16243,-0.0931708,
0.110299,-0.773766,
-1.06872,0.257777,
end

-0.0437734,0.10266,
-0.0692589,0.16243,
-0.0380933,-0.0951849,
0.0725383,0.181254,
-0.314694,0.204563,
0.0126061,-0.00819444,
0.147477,-1.17902,
-0.663467,-0.110299,
end

0.110131,-0.314694,
-0.00441168,0.0126061,
-0.0588863,-0.0437734,
-0.0931708,-0.0692589,
0.133278,-0.0380933,
-0.253792,0.0725383,
-0.257777,-0.810944,
-1.03154,-0.147477,
end

0.0685099,-1.02408,
-0.0187634,0.280473,
-0.0505045,-0.0546623,
-0.0499496,-0.0540617,
0.270624,-0.0194877,
-1.03277,0.0743698,
-0.150201,-0.365119,
-0.338309,-0.163606,
end

-0.251137,0.270624,
0.9584,-1.03277,
0.955567,0.0685099,
-0.261709,-0.0187634,
0.105167,-0.0505045,
0.104011,-0.0499496,
-0.0134055,-0.188108,
-0.51532,0.150201,
end

-0.0546623,0.105167,
-0.0540617,0.104011,
-0.0194877,-0.251137,
0.0743698,0.9584,
-1.02408,0.955567,
0.280473,-0.261709,
0.163606,-0.501915,
-0.201513,0.0134055,
end

0.0281478,-0.345823,
-0.0261877,0.321741,
-0.0367531,-0.213963,
-0.0112829,-0.0656847,
-0.147216,0.0500971,
-0.641031,0.21814,
-0.0499961,-1.25557,
-0.259788,-0.547885,
end

0.0971193,-0.147216,
0.422891,-0.641031,
0.317675,0.0281478,
-0.295553,-0.0261877,
0.250717,-0.0367531,
0.0769676,-0.0112829,
-0.497889,-0.209792,
-1.30556,0.0499961,
end

-0.213963,0.250717,
-0.0656847,0.0769676,
0.0500971,0.0971193,
0.21814,0.422891,
-0.345823,0.317675,
0.321741,-0.295553,
0.547885,-0.807673,
-0.707681,0.497889,
end

-0.00882988,0.0872204,
-0.0249057,0.246015,
-0.017154,-0.330318,
0.0200997,0.387041,
-0.731028,0.500346,
-0.13521,0.0925432,
0.0366813,-1.27651,
-0.130817,-0.536166,
end

0.230681,-0.731028,
0.0426665,-0.13521,
-0.0783905,-0.00882988,
-0.221109,-0.0249057,
0.347472,-0.017154,
-0.407141,0.0200997,
-0.572848,-0.167498,
-1.23983,-0.0366813,
end

-0.330318,0.347472,
0.387041,-0.407141,
0.500346,0.230681,
0.0925432,0.0426665,
0.0872204,-0.0783905,
0.246015,-0.221109,
0.536166,-0.666983,
-0.740346,0.572848,
end

-0.0951849,0.133278,
0.181254,-0.253792,
0.204563,0.110131,
-0.00819444,-0.00441168,
0.10266,-0.0588863,
0.16243,-0.0931708,
0.110299,-0.773766,
-1.06872,0.257777,
end

-0.0437734,0.10266,
-0.0692589,0.16243,
-0.0380933,-0.0951849,
0.0725383,0.181254,
-0.314694,0.204563,
0.0126061,-0.00819444,
0.147477,-1.17902,
-0.663467,-0.110299,
end

0.110131,-0.314694,
-0.00441168,0.0126061,
-0.0588863,-0.0437734,
-0.0931708,-0.0692589,
0.133278,-0.0380933,
-0.253792,0.0725383,
-0.257777,-0.810944,
-1.03154,-0.147477,
end

0.0907281,-0.900011,
-0.0243105,0.241157,
-0.0664176,-0.0664176,
-0.0664176,-0.0664176,
0.241157,-0.0243105,
-0.900011,0.0907281,
-0.199253,-0.473981,
-0.473981,-0.199253,
end

-0.0664176,0.132835,
-0.0664176,0.132835,
-0.0243105,-0.216847,
0.0907281,0.809283,
-0.900011,0.809283,
0.241157,-0.216847,
0.199253,-0.673234,
-0.274729,4.32726e-16,
end

-0.216847,0.241157,
0.809283,-0.900011,
0.809283,0.0907281,
-0.216847,-0.0243105,
0.132835,-0.0664176,
0.132835,-0.0664176,
6.196e-17,-0.274729,
-0.673234,0.199253,
end

-0.205808,0.255698,
0.055146,-0.068514,
0.150662,0.150662,
0.150662,0.150662,
-0.068514,0.055146,
0.255698,-0.205808,
0.451985,-0.88586,
-0.88586,0.451985,
end

0.150662,-0.301323,
0.150662,-0.301323,
0.055146,0.013368,
-0.205808,-0.0498901,
0.255698,-0.0498901,
-0.068514,0.013368,
-0.451985,-0.433875,
-1.33785,1.47493e-16,
end

0.013368,-0.068514,
-0.0498901,0.255698,
-0.0498901,-0.205808,
0.013368,0.055146,
-0.301323,0.150662,
-0.301323,0.150662,
2.21039e-16,-1.33785,
-0.433875,-0.451985,
end

0.0907281,-0.900011,
-0.0243105,0.241157,
-0.0664176,-0.0664176,
-0.0664176,-0.0664176,
0.241157,-0.0243105,
-0.900011,0.0907281,
-0.199253,-0.473981,
-0.473981,-0.199253,
end

-0.0664176,0.132835,
-0.0664176,0.132835,
-0.0243105,-0.216847,
0.0907281,0.809283,
-0.900011,0.809283,
0.241157,-0.216847,
0.199253,-0.673234,
-0.274729,4.32726e-16,
end

-0.216847,0.241157,
0.809283,-0.900011,
0.809283,0.0907281,
-0.216847,-0.0243105,
0.132835,-0.0664176,
0.132835,-0.0664176,
6.196e-17,-0.274729,
-0.673234,0.199253,
end

-0.205808,0.255698,
0.055146,-0.068514,
0.150662,0.150662,
0.150662,0.150662,
-0.068514,0.055146,
0.255698,-0.205808,
0.451985,-0.88586,
-0.88586,0.451985,
end

0.150662,-0.301323,
0.150662,-0.301323,
0.055146,0.013368,
-0.205808,-0.0498901,
0.255698,-0.0498901,
-0.068514,0.013368,
-0.451985,-0.433875,
-1.33785,1.47493e-16,
end

0.013368,-0.068514,
-0.0498901,0.255698,
-0.0498901,-0.205808,
0.013368,0.055146,
-0.301323,0.150662,
-0.301323,0.150662,
2.21039e-16,-1.33785,
-0.433875,-0.451985,
end

0.0907281,-0.900011,
-0.0243105,0.241157,
-0.0664176,-0.0664176,
-0.0664176,-0.0664176,
0.241157,-0.0243105,
-0.900011,0.0907281,
-0.199253,-0.473981,
-0.473981,-0.199253,
end

-0.0664176,0.132835,
-0.0664176,0.132835,
-0.0243105,-0.216847,
0.0907281,0.809283,
-0.900011,0.809283,
0.241157,-0.216847,
0.199253,-0.673234,
-0.274729,4.32726e-16,
end

-0.216847,0.241157,
0.809283,-0.900011,
0.809283,0.0907281,
-0.216847,-0.0243105,
0.132835,-0.0664176,
0.132835,-0.0664176,
6.196e-17,-0.274729,
-0.673234,0.199253,
end

-0.205808,0.255698,
0.055146,-0.068514,
0.150662,0.150662,
0.150662,0.150662,
-0.068514,0.055146,
0.255698,-0.205808,
0.451985,-0.88586,
-0.88586,0.451985,
end

0.150662,-0.301323,
0.150662,-0.301323,
0.055146,0.013368,
-0.205808,-0.0498901,
0.255698,-0.0498901,
-0.068514,0.013368,
-0.451985,-0.433875,
-1.33785,1.47493e-16,
end

0.013368,-0.068514,
-0.0498901,0.255698,
-0.0498901,-0.205808,
0.013368,0.055146,
-0.301323,0.150662,
-0.301323,0.150662,
2.21039e-16,-1.33785,
-0.433875,-0.451985,
end

0.0907281,-0.900011,
-0.0243105,0.241157,
-0.0664176,-0.0664176,
-0.0664176,-0.0664176,
0.241157,-0.0243105,
-0.900011,0.0907281,
-0.199253,-0.473981,
-0.473981,-0.199253,
end

-0.0664176,0.132835,
-0.0664176,0.132835,
-0.0243105,-0.216847,
0.0907281,0.809283,
-0.900011,0.809283,
0.241157,-0.216847,
0.199253,-0.673234,
-0.274729,4.32726e-16,
end

-0.216847,0.241157,
0.809283,-0.900011,
0.809283,0.0907281,
-0.216847,-0.0243105,
0.132835,-0.0664176,
0.132835,-0.0664176,
6.196e-17,-0.274729,
-0.673234,0.199253,
end

-0.205808,0.255698,
0.055146,-0.068514,
0.150662,0.150662,
0.150662,0.150662,
-0.068514,0.055146,
0.255698,-0.205808,
0.451985,-0.88586,
-0.88586,0.451985,
end

0.150662,-0.301323,
0.150662,-0.301323,
0.055146,0.013368,
-0.205808,-0.0498901,
0.255698,-0.0498901,
-0.068514,0.013368,
-0.451985,-0.433875,
-1.33785,1.47493e-16,
end

0.013368,-0.068514,
-0.0498901,0.255698,
-0.0498901,-0.205808,
0.013368,0.055146,
-0.301323,0.150662,
-0.301323,0.150662,
2.21039e-16,-1.33785,
-0.433875,-0.451985,
end

0.0907281,-0.900011,
-0.0243105,0.241157,
-0.0664176,-0.0664176,
-0.0664176,-0.0664176,
0.241157,-0.0243105,
-0.900011,0.0907281,
-0.199253,-0.473981,
-0.473981,-0.199253,
end

-0.0664176,0.132835,
-0.0664176,0.132835,
-0.0243105,-0.216847,
0.0907281,0.809283,
-0.900011,0.809283,
0.241157,-0.216847,
0.199253,-0.673234,
-0.274729,4.32726e-16,
end

-0.216847,0.241157,
0.809283,-0.900011,
0.809283,0.0907281,
-0.216847,-0.0243105,
0.132835,-0.0664176,
0.132835,-0.0664176,
6.196e-17,-0.274729,
-0.673234,0.199253,
end

-0.205808,0.255698,
0.055146,-0.068514,
0.150662,0.150662,
0.150662,0.150662,
-0.068514,0.055146,
0.255698,-0.205808,
0.451985,-0.88586,
-0.88586,0.451985,
end

0.150662,-0.301323,
0.150662,-0.301323,
0.055146,0.013368,
-0.205808,-0.0498901,
0.255698,-0.0498901,
-0.068514,0.013368,
-0.451985,-0.433875,
-1.33785,1.47493e-16,
end

0.013368,-0.068514,
-0.0498901,0.255698,
-0.0498901,-0.205808,
0.013368,0.055146,
-0.301323,0.150662,
-0.301323,0.150662,
2.21039e-16,-1.33785,
-0.433875,-0.451985,
end

0.0907281,-0.900011,
-0.0243105,0.241157,
-0.0664176,-0.0664176,
-0.0664176,-0.0664176,
0.241157,-0.0243105,
-0.900011,0.0907281,
-0.199253,-0.473981,
-0.473981,-0.199253,
end

-0.0664176,0.132835,
-0.0664176,0.132835,
-0.0243105,-0.216847,
0.0907281,0.809283,
-0.900011,0.809283,
0.241157,-0.216847,
0.199253,-0.673234,
-0.274729,4.32726e-16,
end

-0.216847,0.241157,
0.809283,-0.900011,
0.809283,0.0907281,
-0.216847,-0.0243105,
0.132835,-0.0664176,
0.132835,-0.0664176,
6.196e-17,-0.274729,
-0.673234,0.199253,
end

-0.205808,0.255698,
0.055146,-0.068514,
0.150662,0.150662,
0.150662,0.150662,
-0.068514,0.055146,
0.255698,-0.205808,
0.451985,-0.88586,
-0.88586,0.451985,
end

0.150662,-0.301323,
0.150662,-0.301323,
0.055146,0.013368,
-0.205808,-0.0498901,
0.255698,-0.0498901,
-0.068514,0.013368,
-0.451985,-0.433875,
-1.33785,1.47493e-16,
end

0.013368,-0.068514,
-0.0498901,0.255698,
-0.0498901,-0.205808,
0.013368,0.055146,
-0.301323,0.150662,
-0.301323,0.150662,
2.21039e-16,-1.33785,
-0.433875,-0.451985,
end

0.0907281,-0.900011,
-0.0243105,0.241157,
-0.0664176,-0.0664176,
-0.0664176,-0.0664176,
0.241157,-0.0243105,
-0.900011,0.0907281,
-0.199253,-0.473981,
-0.473981,-0.199253,
end

-0.0664176,0.132835,
-0.0664176,0.132835,
-0.0243105,-0.216847,
0.0907281,0.809283,
-0.900011,0.809283,
0.241157,-0.216847,
0.199253,-0.673234,
-0.274729,4.32726e-16,
end

-0.216847,0.241157,
0.809283,-0.900011,
0.809283,0.0907281,
-0.216847,-0.0243105,
0.132835,-0.0664176,
0.132835,-0.0664176,
6.196e-17,-0.274729,
-0.673234,0.199253,
end

-0.205808,0.255698,
0.055146,-0.068514,
0.150662,0.150662,
0.150662,0.150662,
-0.068514,0.055146,
0.255698,-0.205808,
0.451985,-0.88586,
-0.88586,0.451985,
end

0.150662,-0.301323,
0.150662,-0.301323,
0.055146,0.013368,
-0.205808,-0.0498901,
0.255698,-0.0498901,
-0.068514,0.013368,
-0.451985,-0.433875,
-1.33785,1.47493e-16,
end

0.013368,-0.068514,
-0.0498901,0.255698,
-0.0498901,-0.205808,
0.013368,0.055146,
-0.301323,0.150662,
-0.301323,0.150662,
2.21039e-16,-1.33785,
-0.433875,-0.451985,
end

0.0907281,-0.900011,
-0.0243105,0.241157,
-0.0664176,-0.0664176,
-0.0664176,-0.0664176,
0.241157,-0.0243105,
-0.900011,0.0907281,
-0.199253,-0.473981,
-0.473981,-0.199253,
end

-0.0664176,0.132835,
-0.0664176,0.132835,
-0.0243105,-0.216847,
0.0907281,0.809283,
-0.900011,0.809283,
0.241157,-0.216847,
0.199253,-0.673234,
-0.274729,4.32726e-16,
end

-0.216847,0.241157,
0.809283,-0.900011,
0.809283,0.0907281,
-0.216847,-0.0243105,
0.132835,-0.0664176,
0.132835,-0.0664176,
6.196e-17,-0.274729,
-0.673234,0.199253,
end

-0.205808,0.255698,
0.055146,-0.068514,
0.150662,0.150662,
0.150662,0.150662,
-0.068514,0.055146,
0.255698,-0.205808,
0.451985,-0.88586,
-0.88586,0.451985,
end

0.150662,-0.301323,
0.150662,-0.301323,
0.055146,0.013368,
-0.205808,-0.0498901,
0.255698,-0.0498901,
-0.068514,0.013368,
-0.451985,-0.433875,
-1.33785,1.47493e-16,
end

0.013368,-0.068514,
-0.0498901,0.255698,
-0.0498901,-0.205808,
0.013368,0.055146,
-0.301323,0.150662,
-0.301323,0.150662,
2.21039e-16,-1.33785,
-0.433875,-0.451985,
end

0.0907281,-0.900011,
-0.0243105,0.241157,
-0.0664176,-0.0664176,
-0.0664176,-0.0664176,
0.241157,-0.0243105,
-0.900011,0.0907281,
-0.199253,-0.473981,
-0.473981,-0.199253,
end

-0.0664176,0.132835,
-0.0664176,0.132835,
-0.0243105,-0.216847,
0.0907281,0.809283,
-0.900011,0.809283,
0.241157,-0.216847,
0.199253,-0.673234,
-0.274729,4.32726e-16,
end

-0.216847,0.241157,
0.809283,-0.900011,
0.809283,0.0907281,
-0.216847,-0.0243105,
0.132835,-0.0664176,
0.132835,-0.0664176,
6.196e-17,-0.274729,
-0.673234,0.199253,
end

-0.205808,0.255698,
0.055146,-0.068514,
0.150662,0.150662,
0.150662,0.150662,
-0.068514,0.055146,
0.255698,-0.205808,
0.451985,-0.88586,
-0.88586,0.451985,
end

0.150662,-0.301323,
0.150662,-0.301323,
0.055146,0.013368,
-0.205808,-0.0498901,
0.255698,-0.0498901,
-0.068514,0.013368,
-0.451985,-0.433875,
-1.33785,1.47493e-16,
end

0.013368,-0.068514,
-0.0498901,0.255698,
-0.0498901,-0.205808,
0.013368,0.055146,
-0.301323,0.150662,
-0.301323,0.150662,
2.21039e-16,-1.33785,
-0.433875,-0.451985,
end

0.0907281,-0.900011,
-0.0243105,0.241157,
-0.0664176,-0.0664176,
-0.0664176,-0.0664176,
0.241157,-0.0243105,
-0.900011,0.0907281,
-0.199253,-0.473981,
-0.473981,-0.199253,
end

-0.0664176,0.132835,
-0.0664176,0.132835,
-0.0243105,-0.216847,
0.0907281,0.809283,
-0.900011,0.809283,
0.241157,-0.216847,
0.199253,-0.673234,
-0.274729,4.32726e-16,
end

-0.216847,0.241157,
0.809283,-0.900011,
0.809283,0.0907281,
-0.216847,-0.0243105,
0.132835,-0.0664176,
0.132835,-0.0664176,
6.196e-17,-0.274729,
-0.673234,0.199253,
end

-0.205808,0.255698,
0.055146,-0.068514,
0.150662,0.150662,
0.150662,0.150662,
-0.068514,0.055146,
0.255698,-0.205808,
0.451985,-0.88586,
-0.88586,0.451985,
end

0.150662,-0.301323,
0.150662,-0.301323,
0.055146,0.013368,
-0.205808,-0.0498901,
0.255698,-0.0498901,
-0.068514,0.013368,
-0.451985,-0.433875,
-1.33785,1.47493e-16,
end

0.013368,-0.068514,
-0.0498901,0.255698,
-0.0498901,-0.205808,
0.013368,0.055146,
-0.301323,0.150662,
-0.301323,0.150662,
2.21039e-16,-1.33785,
-0.433875,-0.451985,
end

0.0907281,-0.900011,
-0.0243105,0.241157,
-0.0664176,-0.0664176,
-0.0664176,-0.0664176,
0.241157,-0.0243105,
-0.900011,0.0907281,
-0.199253,-0.473981,
-0.473981,-0.199253,
end

-0.0664176,0.132835,
-0.0664176,0.132835,
-0.0243105,-0.216847,
0.0907281,0.809283,
-0.900011,0.809283,
0.241157,-0.216847,
0.199253,-0.673234,
-0.274729,4.32726e-16,
end

-0.216847,0.241157,
0.809283,-0.900011,
0.809283,0.0907281,
-0.216847,-0.0243105,
0.132835,-0.0664176,
0.132835,-0.0664176,
6.196e-17,-0.274729,
-0.673234,0.199253,
end

-0.205808,0.255698,
0.055146,-0.068514,
0.150662,0.150662,
0.150662,0.150662,
-0.068514,0.055146,
0.255698,-0.205808,
0.451985,-0.88586,
-0.88586,0.451985,
end

0.150662,-0.301323,
0.150662,-0.301323,
0.055146,0.013368,
-0.205808,-0.0498901,
0.255698,-0.0498901,
-0.068514,0.013368,
-0.451985,-0.433875,
-1.33785,1.47493e-16,
end

0.013368,-0.068514,
-0.0498901,0.255698,
-0.0498901,-0.205808,
0.013368,0.055146,
-0.301323,0.150662,
-0.301323,0.150662,
2.21039e-16,-1.33785,
-0.433875,-0.451985,
end

0.0907281,-0.900011,
-0.0243105,0.241157,
-0.0664176,-0.0664176,
-0.0664176,-0.0664176,
0.241157,-0.0243105,
-0.900011,0.0907281,
-0.199253,-0.473981,
-0.473981,-0.199253,
end

-0.0664176,0.132835,
-0.0664176,0.132835,
-0.0243105,-0.216847,
0.0907281,0.809283,
-0.900011,0.809283,
0.241157,-0.216847,
0.199253,-0.673234,
-0.274729,4.32726e-16,
end

-0.216847,0.241157,
0.809283,-0.900011,
0.809283,0.0907281,
-0.216847,-0.0243105,
0.132835,-0.0664176,
0.132835,-0.0664176,
6.196e-17,-0.274729,
-0.673234,0.199253,
end

-0.205808,0.255698,
0.055146,-0.068514,
0.150662,0.150662,
0.150662,0.150662,
-0.068514,0.055146,
0.255698,-0.205808,
0.451985,-0.88586,
-0.88586,0.451985,
end

0.150662,-0.301323,
0.150662,-0.301323,
0.055146,0.013368,
-0.205808,-0.0498901,
0.255698,-0.0498901,
-0.068514,0.013368,
-0.451985,-0.433875,
-1.33785,1.47493e-16,
end

0.013368,-0.068514,
-0.0498901,0.255698,
-0.0498901,-0.205808,
0.013368,0.055146,
-0.301323,0.150662,
-0.301323,0.150662,
2.21039e-16,-1.33785,
-0.433875,-0.451985,
end

0.0907281,-0.900011,
-0.0243105,0.241157,
-0.0664176,-0.0664176,
-0.0664176,-0.0664176,
0.241157,-0.0243105,
-0.900011,0.0907281,
-0.199253,-0.473981,
-0.473981,-0.199253,
end

-0.0664176,0.132835,
-0.0664176,0.132835,
-0.0243105,-0.216847,
0.0907281,0.809283,
-0.900011,0.809283,
0.241157,-0.216847,
0.199253,-0.673234,
-0.274729,4.32726e-16,
end

-0.216847,0.241157,
0.809283,-0.900011,
0.809283,0.0907281,
-0.216847,-0.0243105,
0.132835,-0.0664176,
0.132835,-0.0664176,
6.196e-17,-0.274729,
-0.673234,0.199253,
end

-0.205808,0.255698,
0.055146,-0.068514,
0.150662,0.150662,
0.150662,0.150662,
-0.068514,0.055146,
0.255698,-0.205808,
0.451985,-0.88586,
-0.88586,0.451985,
end

0.150662,-0.301323,
0.150662,-0.301323,
0.055146,0.013368,
-0.205808,-0.0498901,
0.255698,-0.0498901,
-0.068514,0.013368,
-0.451985,-0.433875,
-1.33785,1.47493e-16,
end

0.013368,-0.068514,
-0.0498901,0.255698,
-0.0498901,-0.205808,
0.013368,0.055146,
-0.301323,0.150662,
-0.301323,0.150662,
2.21039e-16,-1.33785,
-0.433875,-0.451985,
end

0.0907281,-0.900011,
-0.0243105,0.241157,
-0.0664176,-0.0664176,
-0.0664176,-0.0664176,
0.241157,-0.0243105,
-0.900011,0.0907281,
-0.199253,-0.473981,
-0.473981,-0.199253,
end

-0.0664176,0.132835,
-0.0664176,0.132835,
-0.0243105,-0.216847,
0.0907281,0.809283,
-0.900011,0.809283,
0.241157,-0.216847,
0.199253,-0.673234,
-0.274729,4.32726e-16,
end

-0.216847,0.241157,
0.809283,-0.900011,
0.809283,0.0907281,
-0.216847,-0.0243105,
0.132835,-0.0664176,
0.132835,-0.0664176,
6.196e-17,-0.274729,
-0.673234,0.199253,
end

-0.205808,0.255698,
0.055146,-0.068514,
0.150662,0.150662,
0.150662,0.150662,
-0.068514,0.055146,
0.255698,-0.205808,
0.451985,-0.88586,
-0.88586,0.451985,
end

0.150662,-0.301323,
0.150662,-0.301323,
0.055146,0.013368,
-0.205808,-0.0498901,
0.255698,-0.0498901,
-0.068514,0.013368,
-0.451985,-0.433875,
-1.33785,1.47493e-16,
end

0.013368,-0.068514,
-0.0498901,0.255698,
-0.0498901,-0.205808,
0.013368,0.055146,
-0.301323,0.150662,
-0.301323,0.150662,
2.21039e-16,-1.33785,
-0.433875,-0.451985,
end

0.0907281,-0.900011,
-0.0243105,0.241157,
-0.0664176,-0.0664176,
-0.0664176,-0.0664176,
0.241157,-0.0243105,
-0.900011,0.0907281,
-0.199253,-0.473981,
-0.473981,-0.199253,
end

-0.0664176,0.132835,
-0.0664176,0.132835,
-0.0243105,-0.216847,
0.0907281,0.809283,
-0.900011,0.809283,
0.241157,-0.216847,
0.199253,-0.673234,
-0.274729,4.32726e-16,
end

-0.216847,0.241157,
0.809283,-0.900011,
0.809283,0.0907281,
-0.216847,-0.0243105,
0.132835,-0.0664176,
0.132835,-0.0664176,
6.196e-17,-0.274729,
-0.673234,0.199253,
end

-0.205808,0.255698,
0.055146,-0.068514,
0.150662,0.150662,
0.150662,0.150662,
-0.068514,0.055146,
0.255698,-0.205808,
0.451985,-0.88586,
-0.88586,0.451985,
end

0.150662,-0.301323,
0.150662,-0.301323,
0.055146,0.013368,
-0.205808,-0.0498901,
0.255698,-0.0498901,
-0.068514,0.013368,
-0.451985,-0.433875,
-1.33785,1.47493e-16,
end

0.013368,-0.068514,
-0.0498901,0.255698,
-0.0498901,-0.205808,
0.013368,0.055146,
-0.301323,0.150662,
-0.301323,0.150662,
2.21039e-16,-1.33785,
-0.433875,-0.451985,
end

0.0907281,-0.900011,
-0.0243105,0.241157,
-0.0664176,-0.0664176,
-0.0664176,-0.0664176,
0.241157,-0.0243105,
-0.900011,0.0907281,
-0.199253,-0.473981,
-0.473981,-0.199253,
end

-0.0664176,0.132835,
-0.0664176,0.132835,
-0.0243105,-0.216847,
0.0907281,0.809283,
-0.900011,0.809283,
0.241157,-0.216847,
0.199253,-0.673234,
-0.274729,4.32726e-16,
end

-0.216847,0.241157,
0.809283,-0.900011,
0.809283,0.0907281,
-0.216847,-0.0243105,
0.132835,-0.0664176,
0.132835,-0.0664176,
6.196e-17,-0.274729,
-0.673234,0.199253,
end

-0.205808,0.255698,
0.055146,-0.068514,
0.150662,0.150662,
0.150662,0.150662,
-0.068514,0.055146,
0.255698,-0.205808,
0.451985,-0.88586,
-0.88586,0.451985,
end

0.150662,-0.301323,
0.150662,-0.301323,
0.055146,0.013368,
-0.205808,-0.0498901,
0.255698,-0.0498901,
-0.068514,0.013368,
-0.451985,-0.433875,
-1.33785,1.47493e-16,
end

0.013368,-0.068514,
-0.0498901,0.255698,
-0.0498901,-0.205808,
0.013368,0.055146,
-0.301323,0.150662,
-0.301323,0.150662,
2.21039e-16,-1.33785,
-0.433875,-0.451985,
end

0.0907281,-0.900011,
-0.0243105,0.241157,
-0.0664176,-0.0664176,
-0.0664176,-0.0664176,
0.241157,-0.0243105,
-0.900011,0.0907281,
-0.199253,-0.473981,
-0.473981,-0.199253,
end

-0.0664176,0.132835,
-0.0664176,0.132835,
-0.0243105,-0.216847,
0.0907281,0.809283,
-0.900011,0.809283,
0.241157,-0.216847,
0.199253,-0.673234,
-0.274729,4.32726e-16,
end

-0.216847,0.241157,
0.809283,-0.900011,
0.809283,0.0907281,
-0.216847,-0.0243105,
0.132835,-0.0664176,
0.132835,-0.0664176,
6.196e-17,-0.274729,
-0.673234,0.199253,
end

-0.205808,0.255698,
0.055146,-0.068514,
0.150662,0.150662,
0.150662,0.150662,
-0.068514,0.055146,
0.255698,-0.205808,
0.451985,-0.88586,
-0.88586,0.451985,
end

0.150662,-0.301323,
0.150662,-0.301323,
0.055146,0.013368,
-0.205808,-0.0498901,
0.255698,-0.0498901,
-0.068514,0.013368,
-0.451985,-0.433875,
-1.33785,1.47493e-16,
end

0.013368,-0.068514,
-0.0498901,0.255698,
-0.0498901,-0.205808,
0.013368,0.055146,
-0.301323,0.150662,
-0.301323,0.150662,
2.21039e-16,-1.33785,
-0.433875,-0.451985,
end

0.0907281,-0.900011,
-0.0243105,0.241157,
-0.0664176,-0.0664176,
-0.0664176,-0.0664176,
0.241157,-0.0243105,
-0.900011,0.0907281,
-0.199253,-0.473981,
-0.473981,-0.199253,
end

-0.0664176,0.132835,
-0.0664176,0.132835,
-0.0243105,-0.216847,
0.0907281,0.809283,
-0.900011,0.809283,
0.241157,-0.216847,
0.199253,-0.673234,
-0.274729,4.32726e-16,
end

-0.216847,0.241157,
0.809283,-0.900011,
0.809283,0.0907281,
-0.216847,-0.0243105,
0.132835,-0.0664176,
0.132835,-0.0664176,
6.196e-17,-0.274729,
-0.673234,0.199253,
end

-0.205808,0.255698,
0.055146,-0.068514,
0.150662,0.150662,
0.150662,0.150662,
-0.068514,0.055146,
0.255698,-0.205808,
0.451985,-0.88586,
-0.88586,0.451985,
end

0.150662,-0.301323,
0.150662,-0.301323,
0.055146,0.013368,
-0.205808,-0.0498901,
0.255698,-0.0498901,
-0.068514,0.013368,
-0.451985,-0.433875,
-1.33785,1.47493e-16,
end

0.013368,-0.068514,
-0.0498901,0.255698,
-0.0498901,-0.205808,
0.013368,0.055146,
-0.301323,0.150662,
-0.301323,0.150662,
2.21039e-16,-1.33785,
-0.433875,-0.451985,
end

0.0907281,-0.900011,
-0.0243105,0.241157,
-0.0664176,-0.0664176,
-0.0664176,-0.0664176,
0.241157,-0.0243105,
-0.900011,0.0907281,
-0.199253,-0.473981,
-0.473981,-0.199253,
end

-0.0664176,0.132835,
-0.0664176,0.132835,
-0.0243105,-0.216847,
0.0907281,0.809283,
-0.900011,0.809283,
0.241157,-0.216847,
0.199253,-0.673234,
-0.274729,4.32726e-16,
end

-0.216847,0.241157,
0.809283,-0.900011,
0.809283,0.0907281,
-0.216847,-0.0243105,
0.132835,-0.0664176,
0.132835,-0.0664176,
6.196e-17,-0.274729,
-0.673234,0.199253,
end

-0.205808,0.255698,
0.055146,-0.068514,
0.150662,0.150662,
0.150662,0.150662,
-0.068514,0.055146,
0.255698,-0.205808,
0.451985,-0.88586,
-0.88586,0.451985,
end

0.150662,-0.301323,
0.150662,-0.301323,
0.055146,0.013368,
-0.205808,-0.0498901,
0.255698,-0.0498901,
-0.068514,0.013368,
-0.451985,-0.433875,
-1.33785,1.47493e-16,
end

0.013368,-0.068514,
-0.0498901,0.255698,
-0.0498901,-0.205808,
0.013368,0.055146,
-0.301323,0.150662,
-0.301323,0.150662,
2.21039e-16,-1.33785,
-0.433875,-0.451985,
end

0.0907281,-0.900011,
-0.0243105,0.241157,
-0.0664176,-0.0664176,
-0.0664176,-0.0664176,
0.241157,-0.0243105,
-0.900011,0.0907281,
-0.199253,-0.473981,
-0.473981,-0.199253,
end

-0.0664176,0.132835,
-0.0664176,0.132835,
-0.0243105,-0.216847,
0.0907281,0.809283,
-0.900011,0.809283,
0.241157,-0.216847,
0.199253,-0.673234,
-0.274729,4.32726e-16,
end

-0.216847,0.241157,
0.809283,-0.900011,
0.809283,0.0907281,
-0.216847,-0.0243105,
0.132835,-0.0664176,
0.132835,-0.0664176,
6.196e-17,-0.274729,
-0.673234,0.199253,
end

-0.205808,0.255698,
0.055146,-0.068514,
0.150662,0.150662,
0.150662,0.150662,
-0.068514,0.055146,
0.255698,-0.205808,
0.451985,-0.88586,
-0.88586,0.451985,
end

0.150662,-0.301323,
0.150662,-0.301323,
0.055146,0.013368,
-0.205808,-0.0498901,
0.255698,-0.0498901,
-0.068514,0.013368,
-0.451985,-0.433875,
-1.33785,1.47493e-16,
end

0.013368,-0.068514,
-0.0498901,0.255698,
-0.0498901,-0.205808,
0.013368,0.055146,
-0.301323,0.150662,
-0.301323,0.150662,
2.21039e-16,-1.33785,
-0.433875,-0.451985,
end

0.0907281,-0.900011,
-0.0243105,0.241157,
-0.0664176,-0.0664176,
-0.0664176,-0.0664176,
0.241157,-0.0243105,
-0.900011,0.0907281,
-0.199253,-0.473981,
-0.473981,-0.199253,
end

-0.0664176,0.132835,
-0.0664176,0.132835,
-0.0243105,-0.216847,
0.0907281,0.809283,
-0.900011,0.809283,
0.241157,-0.216847,
0.199253,-0.673234,
-0.274729,4.32726e-16,
end

-0.216847,0.241157,
0.809283,-0.900011,
0.809283,0.0907281,
-0.216847,-0.0243105,
0.132835,-0.0664176,
0.132835,-0.0664176,
6.196e-17,-0.274729,
-0.673234,0.199253,
end

-0.205808,0.255698,
0.055146,-0.068514,
0.150662,0.150662,
0.150662,0.150662,
-0.068514,0.055146,
0.255698,-0.205808,
0.451985,-0.88586,
-0.88586,0.451985,
end

0.150662,-0.301323,
0.150662,-0.301323,
0.055146,0.013368,
-0.205808,-0.0498901,
0.255698,-0.0498901,
-0.068514,0.013368,
-0.451985,-0.433875,
-1.33785,1.47493e-16,
end

0.013368,-0.068514,
-0.0498901,0.255698,
-0.0498901,-0.205808,
0.013368,0.055146,
-0.301323,0.150662,
-0.301323,0.150662,
2.21039e-16,-1.33785,
-0.433875,-0.451985,
end

0.0907281,-0.900011,
-0.0243105,0.241157,
-0.0664176,-0.0664176,
-0.0664176,-0.0664176,
0.241157,-0.0243105,
-0.900011,0.0907281,
-0.199253,-0.473981,
-0.473981,-0.199253,
end

-0.0664176,0.132835,
-0.0664176,0.132835,
-0.0243105,-0.216847,
0.0907281,0.809283,
-0.900011,0.809283,
0.241157,-0.216847,
0.199253,-0.673234,
-0.274729,4.32726e-16,
end

-0.216847,0.241157,
0.809283,-0.900011,
0.809283,0.0907281,
-0.216847,-0.0243105,
0.132835,-0.0664176,
0.132835,-0.0664176,
6.196e-17,-0.274729,
-0.673234,0.199253,
end

-0.205808,0.255698,
0.055146,-0.068514,
0.150662,0.150662,
0.150662,0.150662,
-0.068514,0.055146,
0.255698,-0.205808,
0.451985,-0.88586,
-0.88586,0.451985,
end

0.150662,-0.301323,
0.150662,-0.301323,
0.055146,0.013368,
-0.205808,-0.0498901,
0.255698,-0.0498901,
-0.068514,0.013368,
-0.451985,-0.433875,
-1.33785,1.47493e-16,
end

0.013368,-0.068514,
-0.0498901,0.255698,
-0.0498901,-0.205808,
0.013368,0.055146,
-0.301323,0.150662,
-0.301323,0.150662,
2.21039e-16,-1.33785,
-0.433875,-0.451985,
end

0.0907281,-0.900011,
-0.0243105,0.241157,
-0.0664176,-0.0664176,
-0.0664176,-0.0664176,
0.241157,-0.0243105,
-0.900011,0.0907281,
-0.199253,-0.473981,
-0.473981,-0.199253,
end

-0.0664176,0.132835,
-0.0664176,0.132835,
-0.0243105,-0.216847,
0.0907281,0.809283,
-0.900011,0.809283,
0.241157,-0.216847,
0.199253,-0.673234,
-0.274729,4.32726e-16,
end

-0.216847,0.241157,
0.809283,-0.900011,
0.809283,0.0907281,
-0.216847,-0.0243105,
0.132835,-0.0664176,
0.132835,-0.0664176,
6.196e-17,-0.274729,
-0.673234,0.199253,
end

-0.205808,0.255698,
0.055146,-0.068514,
0.150662,0.150662,
0.150662,0.150662,
-0.068514,0.055146,
0.255698,-0.205808,
0.451985,-0.88586,
-0.88586,0.451985,
end

0.150662,-0.301323,
0.150662,-0.301323,
0.055146,0.013368,
-0.205808,-0.0498901,
0.255698,-0.0498901,
-0.068514,0.013368,
-0.451985,-0.433875,
-1.33785,1.47493e-16,
end

0.013368,-0.068514,
-0.0498901,0.255698,
-0.0498901,-0.205808,
0.013368,0.055146,
-0.301323,0.150662,
-0.301323,0.150662,
2.21039e-16,-1.33785,
-0.433875,-0.451985,
end

0.0907281,-0.900011,
-0.0243105,0.241157,
-0.0664176,-0.0664176,
-0.0664176,-0.0664176,
0.241157,-0.0243105,
-0.900011,0.0907281,
-0.199253,-0.473981,
-0.473981,-0.199253,
end

-0.0664176,0.132835,
-0.0664176,0.132835,
-0.0243105,-0.216847,
0.0907281,0.809283,
-0.900011,0.809283,
0.241157,-0.216847,
0.199253,-0.673234,
-0.274729,4.32726e-16,
end

-0.216847,0.241157,
0.809283,-0.900011,
0.809283,0.0907281,
-0.216847,-0.0243105,
0.132835,-0.0664176,
0.132835,-0.0664176,
6.196e-17,-0.274729,
-0.673234,0.199253,
end

-0.205808,0.255698,
0.055146,-0.068514,
0.150662,0.150662,
0.150662,0.150662,
-0.068514,0.055146,
0.255698,-0.205808,
0.451985,-0.88586,
-0.88586,0.451985,
end

0.150662,-0.301323,
0.150662,-0.301323,
0.055146,0.013368,
-0.205808,-0.0498901,
0.255698,-0.0498901,
-0.068514,0.013368,
-0.451985,-0.433875,
-1.33785,1.47493e-16,
end

0.013368,-0.068514,
-0.0498901,0.255698,
-0.0498901,-0.205808,
0.013368,0.055146,
-0.301323,0.150662,
-0.301323,0.150662,
2.21039e-16,-1.33785,
-0.433875,-0.451985,
end

0.0685099,-1.02408,
-0.0187634,0.280473,
-0.0505045,-0.0546623,
-0.0499496,-0.0540617,
0.270624,-0.0194877,
-1.03277,0.0743698,
-0.150201,-0.365119,
-0.338309,-0.163606,
end

-0.251137,0.270624,
0.9584,-1.03277,
0.955567,0.0685099,
-0.261709,-0.0187634,
0.105167,-0.0505045,
0.104011,-0.0499496,
-0.0134055,-0.188108,
-0.51532,0.150201,
end

-0.0546623,0.105167,
-0.0540617,0.104011,
-0.0194877,-0.251137,
0.0743698,0.9584,
-1.02408,0.955567,
0.280473,-0.261709,
0.163606,-0.501915,
-0.201513,0.0134055,
end

0.0281478,-0.345823,
-0.0261877,0.321741,
-0.0367531,-0.213963,
-0.0112829,-0.0656847,
-0.147216,0.0500971,
-0.641031,0.21814,
-0.0499961,-1.25557,
-0.259788,-0.547885,
end

0.0971193,-0.147216,
0.422891,-0.641031,
0.317675,0.0281478,
-0.295553,-0.0261877,
0.250717,-0.0367531,
0.0769676,-0.0112829,
-0.497889,-0.209792,
-1.30556,0.0499961,
end

-0.213963,0.250717,
-0.0656847,0.0769676,
0.0500971,0.0971193,
0.21814,0.422891,
-0.345823,0.317675,
0.321741,-0.295553,
0.547885,-0.807673,
-0.707681,0.497889,
end

-0.00882988,0.0872204,
-0.0249057,0.246015,
-0.017154,-0.330318,
0.0200997,0.387041,
-0.731028,0.500346,
-0.13521,0.0925432,
0.0366813,-1.27651,
-0.130817,-0.536166,
end

0.230681,-0.731028,
0.0426665,-0.13521,
-0.0783905,-0.00882988,
-0.221109,-0.0249057,
0.347472,-0.017154,
-0.407141,0.0200997,
-0.572848,-0.167498,
-1.23983,-0.0366813,
end

-0.330318,0.347472,
0.387041,-0.407141,
0.500346,0.230681,
0.0925432,0.0426665,
0.0872204,-0.0783905,
0.246015,-0.221109,
0.536166,-0.666983,
-0.740346,0.572848,
end

-0.0951849,0.133278,
0.181254,-0.253792,
0.204563,0.110131,
-0.00819444,-0.00441168,
0.10266,-0.0588863,
0.16243,-0.0931708,
0.110299,-0.773766,
-1.06872,0.257777,
end

-0.0437734,0.10266,
-0.0692589,0.16243,
-0.0380933,-0.0951849,
0.0725383,0.181254,
-0.314694,0.204563,
0.0126061,-0.00819444,
0.147477,-1.17902,
-0.663467,-0.110299,
end

0.110131,-0.314694,
-0.00441168,0.0126061,
-0.0588863,-0.0437734,
-0.0931708,-0.0692589,
0.133278,-0.0380933,
-0.253792,0.0725383,
-0.257777,-0.810944,
-1.03154,-0.147477,
end

0.0685099,-1.02408,
-0.0187634,0.280473,
-0.0505045,-0.0546623,
-0.0499496,-0.0540617,
0.270624,-0.0194877,
-1.03277,0.0743698,
-0.150201,-0.365119,
-0.338309,-0.163606,
end

-0.251137,0.270624,
0.9584,-1.03277,
0.955567,0.0685099,
-0.261709,-0.0187634,
0.105167,-0.0505045,
0.104011,-0.0499496,
-0.0134055,-0.188108,
-0.51532,0.150201,
end

-0.0546623,0.105167,
-0.0540617,0.104011,
-0.0194877,-0.251137,
0.0743698,0.9584,
-1.02408,0.955567,
0.280473,-0.261709,
0.163606,-0.501915,
-0.201513,0.0134055,
end

0.0281478,-0.345823,
-0.0261877,0.321741,
-0.0367531,-0.213963,
-0.0112829,-0.0656847,
-0.147216,0.0500971,
-0.641031,0.21814,
-0.0499961,-1.25557,
-0.259788,-0.547885,
end

0.0971193,-0.147216,
0.422891,-0.641031,
0.317675,0.0281478,
-0.295553,-0.0261877,
0.250717,-0.0367531,
0.0769676,-0.0112829,
-0.497889,-0.209792,
-1.30556,0.0499961,
end

-0.213963,0.250717,
-0.0656847,0.0769676,
0.0500971,0.0971193,
0.21814,0.422891,
-0.345823,0.317675,
0.321741,-0.295553,
0.547885,-0.807673,
-0.707681,0.497889,
end

-0.00882988,0.0872204,
-0.0249057,0.246015,
-0.017154,-0.330318,
0.0200997,0.387041,
-0.731028,0.500346,
-0.13521,0.0925432,
0.0366813,-1.27651,
-0.130817,-0.536166,
end

0.230681,-0.731028,
0.0426665,-0.13521,
-0.0783905,-0.00882988,
-0.221109,-0.0249057,
0.347472,-0.017154,
-0.407141,0.0200997,
-0.572848,-0.167498,
-1.23983,-0.0366813,
end

-0.330318,0.347472,
0.387041,-0.407141,
0.500346,0.230681,
0.0925432,0.0426665,
0.0872204,-0.0783905,
0.246015,-0.221109,
0.536166,-0.666983,
-0.740346,0.572848,
end

-0.0951849,0.133278,
0.181254,-0.253792,
0.204563,0.110131,
-0.00819444,-0.00441168,
0.10266,-0.0588863,
0.16243,-0.0931708,
0.110299,-0.773766,
-1.06872,0.257777,
end

-0.0437734,0.10266,
-0.0692589,0.16243,
-0.0380933,-0.0951849,
0.0725383,0.181254,
-0.314694,0.204563,
0.0126061,-0.00819444,
0.147477,-1.17902,
-0.663467,-0.110299,
end

0.110131,-0.314694,
-0.00441168,0.0126061,
-0.0588863,-0.0437734,
-0.0931708,-0.0692589,
0.133278,-0.0380933,
-0.253792,0.0725383,
-0.257777,-0.810944,
-1.03154,-0.147477,
end

0.0685099,-1.02408,
-0.0187634,0.280473,
-0.0505045,-0.0546623,
-0.0499496,-0.0540617,
0.270624,-0.0194877,
-1.03277,0.0743698,
-0.150201,-0.365119,
-0.338309,-0.163606,
end

-0.251137,0.270624,
0.9584,-1.03277,
0.955567,0.0685099,
-0.261709,-0.0187634,
0.105167,-0.0505045,
0.104011,-0.0499496,
-0.0134055,-0.188108,
-0.51532,0.150201,
end

-0.0546623,0.105167,
-0.0540617,0.104011,
-0.0194877,-0.251137,
0.0743698,0.9584,
-1.02408,0.955567,
0.280473,-0.261709,
0.163606,-0.501915,
-0.201513,0.0134055,
end

0.0281478,-0.345823,
-0.0261877,0.321741,
-0.0367531,-0.213963,
-0.0112829,-0.0656847,
-0.147216,0.0500971,
-0.641031,0.21814,
-0.0499961,-1.25557,
-0.259788,-0.547885,
end

0.0971193,-0.147216,
0.422891,-0.641031,
0.317675,0.0281478,
-0.295553,-0.0261877,
0.250717,-0.0367531,
0.0769676,-0.0112829,
-0.497889,-0.209792,
-1.30556,0.0499961,
end

-0.213963,0.250717,
-0.0656847,0.0769676,
0.0500971,0.0971193,
0.21814,0.422891,
-0.345823,0.317675,
0.321741,-0.295553,
0.547885,-0.807673,
-0.707681,0.497889,
end

-0.00882988,0.0872204,
-0.0249057,0.246015,
-0.017154,-0.330318,
0.0200997,0.387041,
-0.731028,0.500346,
-0.13521,0.0925432,
0.0366813,-1.27651,
-0.130817,-0.536166,
end

0.230681,-0.731028,
0.0426665,-0.13521,
-0.0783905,-0.00882988,
-0.221109,-0.0249057,
0.347472,-0.017154,
-0.407141,0.0200997,
-0.572848,-0.167498,
-1.23983,-0.0366813,
end

-0.330318,0.347472,
0.387041,-0.407141,
0.500346,0.230681,
0.0925432,0.0426665,
0.0872204,-0.0783905,
0.246015,-0.221109,
0.536166,-0.666983,
-0.740346,0.572848,
end

-0.0951849,0.133278,
0.181254,-0.253792,
0.204563,0.110131,
-0.00819444,-0.00441168,
0.10266,-0.0588863,
0.16243,-0.0931708,
0.110299,-0.773766,
-1.06872,0.257777,
end

-0.0437734,0.10266,
-0.0692589,0.16243,
-0.0380933,-0.0951849,
0.0725383,0.181254,
-0.314694,0.204563,
0.0126061,-0.00819444,
0.147477,-1.17902,
-0.663467,-0.110299,
end

0.110131,-0.314694,
-0.00441168,0.0126061,
-0.0588863,-0.0437734,
-0.0931708,-0.0692589,
0.133278,-0.0380933,
-0.253792,0.0725383,
-0.257777,-0.810944,
-1.03154,-0.147477,
end

0.0685099,-1.02408,
-0.0187634,0.280473,
-0.0505045,-0.0546623,
-0.0499496,-0.0540617,
0.270624,-0.0194877,
-1.03277,0.0743698,
-0.150201,-0.365119,
-0.338309,-0.163606,
end

-0.251137,0.270624,
0.9584,-1.03277,
0.955567,0.0685099,
-0.261709,-0.0187634,
0.105167,-0.0505045,
0.104011,-0.0499496,
-0.0134055,-0.188108,
-0.51532,0.150201,
end

-0.0546623,0.105167,
-0.0540617,0.104011,
-0.0194877,-0.251137,
0.0743698,0.9584,
-1.02408,0.955567,
0.280473,-0.261709,
0.163606,-0.501915,
-0.201513,0.0134055,
end

0.0281478,-0.345823,
-0.0261877,0.321741,
-0.0367531,-0.213963,
-0.0112829,-0.0656847,
-0.147216,0.0500971,
-0.641031,0.21814,
-0.0499961,-1.25557,
-0.259788,-0.547885,
end

0.0971193,-0.147216,
0.422891,-0.641031,
0.317675,0.0281478,
-0.295553,-0.0261877,
0.250717,-0.0367531,
0.0769676,-0.0112829,
-0.497889,-0.209792,
-1.30556,0.0499961,
end

-0.213963,0.250717,
-0.0656847,0.0769676,
0.0500971,0.0971193,
0.21814,0.422891,
-0.345823,0.317675,
0.321741,-0.295553,
0.547885,-0.807673,
-0.707681,0.497889,
end

-0.00882988,0.0872204,
-0.0249057,0.246015,
-0.017154,-0.330318,
0.0200997,0.387041,
-0.731028,0.500346,
-0.13521,0.0925432,
0.0366813,-1.27651,
-0.130817,-0.536166,
end

0.230681,-0.731028,
0.0426665,-0.13521,
-0.0783905,-0.00882988,
-0.221109,-0.0249057,
0.347472,-0.017154,
-0.407141,0.0200997,
-0.572848,-0.167498,
-1.23983,-0.0366813,
end

-0.330318,0.347472,
0.387041,-0.407141,
0.500346,0.230681,
0.0925432,0.0426665,
0.0872204,-0.0783905,
0.246015,-0.221109,
0.536166,-0.666983,
-0.740346,0.572848,
end

-0.0951849,0.133278,
0.181254,-0.253792,
0.204563,0.110131,
-0.00819444,-0.00441168,
0.10266,-0.0588863,
0.16243,-0.0931708,
0.110299,-0.773766,
-1.06872,0.257777,
end

-0.0437734,0.10266,
-0.0692589,0.16243,
-0.0380933,-0.0951849,
0.0725383,0.181254,
-0.314694,0.204563,
0.0126061,-0.00819444,
0.147477,-1.17902,
-0.663467,-0.110299,
end

0.110131,-0.314694,
-0.00441168,0.0126061,
-0.0588863,-0.0437734,
-0.0931708,-0.0692589,
0.133278,-0.0380933,
-0.253792,0.0725383,
-0.257777,-0.810944,
-1.03154,-0.147477,
end

0.0685099,-1.02408,
-0.0187634,0.280473,
-0.0505045,-0.0546623,
-0.0499496,-0.0540617,
0.270624,-0.0194877,
-1.03277,0.0743698,
-0.150201,-0.365119,
-0.338309,-0.163606,
end

-0.251137,0.270624,
0.9584,-1.03277,
0.955567,0.0685099,
-0.261709,-0.0187634,
0.105167,-0.0505045,
0.104011,-0.0499496,
-0.0134055,-0.188108,
-0.51532,0.150201,
end

-0.0546623,0.105167,
-0.0540617,0.104011,
-0.0194877,-0.251137,
0.0743698,0.9584,
-1.02408,0.955567,
0.280473,-0.261709,
0.163606,-0.501915,
-0.201513,0.0134055,
end

0.0281478,-0.345823,
-0.0261877,0.321741,
-0.0367531,-0.213963,
-0.0112829,-0.0656847,
-0.147216,0.0500971,
-0.641031,0.21814,
-0.0499961,-1.25557,
-0.259788,-0.547885,
end

0.0971193,-0.147216,
0.422891,-0.641031,
0.317675,0.0281478,
-0.295553,-0.0261877,
0.250717,-0.0367531,
0.0769676,-0.0112829,
-0.497889,-0.209792,
-1.30556,0.0499961,
end

-0.213963,0.250717,
-0.0656847,0.0769676,
0.0500971,0.0971193,
0.21814,0.422891,
-0.345823,0.317675,
0.321741,-0.295553,
0.547885,-0.807673,
-0.707681,0.497889,
end

-0.00882988,0.0872204,
-0.0249057,0.246015,
-0.017154,-0.330318,
0.0200997,0.387041,
-0.731028,0.500346,
-0.13521,0.0925432,
0.0366813,-1.27651,
-0.130817,-0.536166,
end

0.230681,-0.731028,
0.0426665,-0.13521,
-0.0783905,-0.00882988,
-0.221109,-0.0249057,
0.347472,-0.017154,
-0.407141,0.0200997,
-0.572848,-0.167498,
-1.23983,-0.0366813,
end

-0.330318,0.347472,
0.387041,-0.407141,
0.500346,0.230681,
0.0925432,0.0426665,
0.0872204,-0.0783905,
0.246015,-0.221109,
0.536166,-0.666983,
-0.740346,0.572848,
end

-0.0951849,0.133278,
0.181254,-0.253792,
0.204563,0.110131,
-0.00819444,-0.00441168,
0.10266,-0.0588863,
0.16243,-0.0931708,
0.110299,-0.773766,
-1.06872,0.257777,
end

-0.0437734,0.10266,
-0.0692589,0.16243,
-0.0380933,-0.0951849,
0.0725383,0.181254,
-0.314694,0.204563,
0.0126061,-0.00819444,
0.147477,-1.17902,
-0.663467,-0.110299,
end

0.110131,-0.314694,
-0.00441168,0.0126061,
-0.0588863,-0.0437734,
-0.0931708,-0.0692589,
0.133278,-0.0380933,
-0.253792,0.0725383,
-0.257777,-0.810944,
-1.03154,-0.147477,
end

0.0685099,-1.02408,
-0.0187634,0.280473,
-0.0505045,-0.0546623,
-0.0499496,-0.0540617,
0.270624,-0.0194877,
-1.03277,0.0743698,
-0.150201,-0.365119,
-0.338309,-0.163606,
end

-0.251137,0.270624,
0.9584,-1.03277,
0.955567,0.0685099,
-0.261709,-0.0187634,
0.105167,-0.0505045,
0.104011,-0.0499496,
-0.0134055,-0.188108,
-0.51532,0.150201,
end

-0.0546623,0.105167,
-0.0540617,0.104011,
-0.0194877,-0.251137,
0.0743698,0.9584,
-1.02408,0.955567,
0.280473,-0.261709,
0.163606,-0.501915,
-0.201513,0.0134055,
end

0.0281478,-0.345823,
-0.0261877,0.321741,
-0.0367531,-0.213963,
-0.0112829,-0.0656847,
-0.147216,0.0500971,
-0.641031,0.21814,
-0.0499961,-1.25557,
-0.259788,-0.547885,
end

0.0971193,-0.147216,
0.422891,-0.641031,
0.317675,0.0281478,
-0.295553,-0.0261877,
0.250717,-0.0367531,
0.0769676,-0.0112829,
-0.497889,-0.209792,
-1.30556,0.0499961,
end

-0.213963,0.250717,
-0.0656847,0.0769676,
0.0500971,0.0971193,
0.21814,0.422891,
-0.345823,0.317675,
0.321741,-0.295553,
0.547885,-0.807673,
-0.707681,0.497889,
end

-0.00882988,0.0872204,
-0.0249057,0.246015,
-0.017154,-0.330318,
0.0200997,0.387041,
-0.731028,0.500346,
-0.13521,0.0925432,
0.0366813,-1.27651,
-0.130817,-0.536166,
end

0.230681,-0.731028,
0.0426665,-0.13521,
-0.0783905,-0.00882988,
-0.221109,-0.0249057,
0.347472,-0.017154,
-0.407141,0.0200997,
-0.572848,-0.167498,
-1.23983,-0.0366813,
end

-0.330318,0.347472,
0.387041,-0.407141,
0.500346,0.230681,
0.0925432,0.0426665,
0.0872204,-0.0783905,
0.246015,-0.221109,
0.536166,-0.666983,
-0.740346,0.572848,
end

-0.0951849,0.133278,
0.181254,-0.253792,
0.204563,0.110131,
-0.00819444,-0.00441168,
0.10266,-0.0588863,
0.16243,-0.0931708,
0.110299,-0.773766,
-1.06872,0.257777,
end

-0.0437734,0.10266,
-0.0692589,0.16243,
-0.0380933,-0.0951849,
0.0725383,0.181254,
-0.314694,0.204563,
0.0126061,-0.00819444,
0.147477,-1.17902,
-0.663467,-0.110299,
end

0.110131,-0.314694,
-0.00441168,0.0126061,
-0.0588863,-0.0437734,
-0.0931708,-0.0692589,
0.133278,-0.0380933,
-0.253792,0.0725383,
-0.257777,-0.810944,
-1.03154,-0.147477,
end

0.0685099,-1.02408,
-0.0187634,0.280473,
-0.0505045,-0.0546623,
-0.0499496,-0.0540617,
0.270624,-0.0194877,
-1.03277,0.0743698,
-0.150201,-0.365119,
-0.338309,-0.163606,
end

-0.251137,0.270624,
0.9584,-1.03277,
0.955567,0.0685099,
-0.261709,-0.0187634,
0.105167,-0.0505045,
0.104011,-0.0499496,
-0.0134055,-0.188108,
-0.51532,0.150201,
end

-0.0546623,0.105167,
-0.0540617,0.104011,
-0.0194877,-0.251137,
0.0743698,0.9584,
-1.02408,0.955567,
0.280473,-0.261709,
0.163606,-0.501915,
-0.201513,0.0134055,
end

0.0281478,-0.345823,
-0.0261877,0.321741,
-0.0367531,-0.213963,
-0.0112829,-0.0656847,
-0.147216,0.0500971,
-0.641031,0.21814,
-0.0499961,-1.25557,
-0.259788,-0.547885,
end

0.0971193,-0.147216,
0.422891,-0.641031,
0.317675,0.0281478,
-0.295553,-0.0261877,
0.250717,-0.0367531,
0.0769676,-0.0112829,
-0.497889,-0.209792,
-1.30556,0.0499961,
end

-0.213963,0.250717,
-0.0656847,0.0769676,
0.0500971,0.0971193,
0.21814,0.422891,
-0.345823,0.317675,
0.321741,-0.295553,
0.547885,-0.807673,
-0.707681,0.497889,
end

-0.00882988,0.0872204,
-0.0249057,0.246015,
-0.017154,-0.330318,
0.0200997,0.387041,
-0.731028,0.500346,
-0.13521,0.0925432,
0.0366813,-1.27651,
-0.130817,-0.536166,
end

0.230681,-0.731028,
0.0426665,-0.13521,
-0.0783905,-0.00882988,
-0.221109,-0.0249057,
0.347472,-0.017154,
-0.407141,0.0200997,
-0.572848,-0.167498,
-1.23983,-0.0366813,
end

-0.330318,0.347472,
0.387041,-0.407141,
0.500346,0.230681,
0.0925432,0.0426665,
0.0872204,-0.0783905,
0.246015,-0.221109,
0.536166,-0.666983,
-0.740346,0.572848,
end

-0.0951849,0.133278,
0.181254,-0.253792,
0.204563,0.110131,
-0.00819444,-0.00441168,
0.10266,-0.0588863,
0.16243,-0.0931708,
0.110299,-0.773766,
-1.06872,0.257777,
end

-0.0437734,0.10266,
-0.0692589,0.16243,
-0.0380933,-0.0951849,
0.0725383,0.181254,
-0.314694,0.204563,
0.0126061,-0.00819444,
0.147477,-1.17902,
-0.663467,-0.110299,
end

0.110131,-0.314694,
-0.00441168,0.0126061,
-0.0588863,-0.0437734,
-0.0931708,-0.0692589,
0.133278,-0.0380933,
-0.253792,0.0725383,
-0.257777,-0.810944,
-1.03154,-0.147477,
end

0.0685099,-1.02408,
-0.0187634,0.280473,
-0.0505045,-0.0546623,
-0.0499496,-0.0540617,
0.270624,-0.0194877,
-1.03277,0.0743698,
-0.150201,-0.365119,
-0.338309,-0.163606,
end

-0.251137,0.270624,
0.9584,-1.03277,
0.955567,0.0685099,
-0.261709,-0.0187634,
0.105167,-0.0505045,
0.104011,-0.0499496,
-0.0134055,-0.188108,
-0.51532,0.150201,
end

-0.0546623,0.105167,
-0.0540617,0.104011,
-0.0194877,-0.251137,
0.0743698,0.9584,
-1.02408,0.955567,
0.280473,-0.261709,
0.163606,-0.501915,
-0.201513,0.0134055,
end

0.0281478,-0.345823,
-0.0261877,0.321741,
-0.0367531,-0.213963,
-0.0112829,-0.0656847,
-0.147216,0.0500971,
-0.641031,0.21814,
-0.0499961,-1.25557,
-0.259788,-0.547885,
end

0.0971193,-0.147216,
0.422891,-0.641031,
0.317675,0.0281478,
-0.295553,-0.0261877,
0.250717,-0.0367531,
0.0769676,-0.0112829,
-0.497889,-0.209792,
-1.30556,0.0499961,
end

-0.213963,0.250717,
-0.0656847,0.0769676,
0.0500971,0.0971193,
0.21814,0.422891,
-0.345823,0.317675,
0.321741,-0.295553,
0.547885,-0.807673,
-0.707681,0.497889,
end

-0.00882988,0.0872204,
-0.0249057,0.246015,
-0.017154,-0.330318,
0.0200997,0.387041,
-0.731028,0.500346,
-0.13521,0.0925432,
0.0366813,-1.27651,
-0.130817,-0.536166,
end

0.230681,-0.731028,
0.0426665,-0.13521,
-0.0783905,-0.00882988,
-0.221109,-0.0249057,
0.347472,-0.017154,
-0.407141,0.0200997,
-0.572848,-0.167498,
-1.23983,-0.0366813,
end

-0.330318,0.347472,
0.387041,-0.407141,
0.500346,0.230681,
0.0925432,0.0426665,
0.0872204,-0.0783905,
0.246015,-0.221109,
0.536166,-0.666983,
-0.740346,0.572848,
end

-0.0951849,0.133278,
0.181254,-0.253792,
0.204563,0.110131,
-0.00819444,-0.00441168,
0.10266,-0.0588863,
0.16243,-0.0931708,
0.110299,-0.773766,
-1.06872,0.257777,
end

-0.0437734,0.10266,
-0.0692589,0.16243,
-0.0380933,-0.0951849,
0.0725383,0.181254,
-0.314694,0.204563,
0.0126061,-0.00819444,
0.147477,-1.17902,
-0.663467,-0.110299,
end

0.110131,-0.314694,
-0.00441168,0.0126061,
-0.0588863,-0.0437734,
-0.0931708,-0.0692589,
0.133278,-0.0380933,
-0.253792,0.0725383,
-0.257777,-0.810944,
-1.03154,-0.147477,
end
Number of Tri DOF ND = 2
Matrix of Orientations
0,1,
0,1,
0,1,
0,1,
0,1,
0,1,
Number of Tri DOF ND = 2
Matrix of Orientations
0,1,
0,1,
0,1,
0,1,
0,1,
0,1,
Number of Tri DOF ND = 2
Matrix of Orientations
0,1,
0,1,
0,1,
0,1,
0,1,
0,1,
Number of Tri DOF ND = 2
Matrix of Orientations
0,1,
0,1,
0,1,
0,1,
0,1,
0,1,
Number of Tri DOF ND = 2
Matrix of Orientations
0,1,
0,1,
0,1,
0,1,
0,1,
0,1,
0.44898,
-0.0612245,
-0.0612245,
-0.0612245,
0.22449,
0.22449,
0.22449,
0.0204082,
0.0204082,
0.0204082,
end
-0.0612245,
-0.0612245,
-0.0612245,
0.44898,
0.0204082,
0.0204082,
0.22449,
0.0204082,
0.22449,
0.22449,
end
-0.0612245,
-0.0612245,
0.44898,
-0.0612245,
0.0204082,
0.22449,
0.0204082,
0.22449,
0.0204082,
0.22449,
end
-0.0612245,
0.44898,
-0.0612245,
-0.0612245,
0.22449,
0.0204082,
0.0204082,
0.22449,
0.22449,
0.0204082,
end
-0.125,
-0.125,
-0.125,
-0.125,
0.25,
0.25,
0.25,
0.25,
0.25,
0.25,
end
-0.0803571,
-0.0803571,
-0.0803571,
-0.0803571,
0.160714,
0.160714,
0.638093,
0.0404786,
0.160714,
0.160714,
end
-0.0803571,
-0.0803571,
-0.0803571,
-0.0803571,
0.160714,
0.638093,
0.160714,
0.160714,
0.0404786,
0.160714,
end
-0.0803571,
-0.0803571,
-0.0803571,
-0.0803571,
0.638093,
0.160714,
0.160714,
0.160714,
0.160714,
0.0404786,
end
-0.0803571,
-0.0803571,
-0.0803571,
-0.0803571,
0.160714,
0.160714,
0.0404786,
0.638093,
0.160714,
0.160714,
end
-0.0803571,
-0.0803571,
-0.0803571,
-0.0803571,
0.160714,
0.0404786,
0.160714,
0.160714,
0.638093,
0.160714,
end
-0.0803571,
-0.0803571,
-0.0803571,
-0.0803571,
0.0404786,
0.160714,
0.160714,
0.160714,
0.160714,
0.638093,
end
0.44898,
-0.0612245,
-0.0612245,
-0.0612245,
0.22449,
0.22449,
0.22449,
0.0204082,
0.0204082,
0.0204082,
end
-0.0612245,
-0.0612245,
-0.0612245,
0.44898,
0.0204082,
0.0204082,
0.22449,
0.0204082,
0.22449,
0.22449,
end
-0.0612245,
-0.0612245,
0.44898,
-0.0612245,
0.0204082,
0.22449,
0.0204082,
0.22449,
0.0204082,
0.22449,
end
-0.0612245,
0.44898,
-0.0612245,
-0.0612245,
0.22449,
0.0204082,
0.0204082,
0.22449,
0.22449,
0.0204082,
end
-0.125,
-0.125,
-0.125,
-0.125,
0.25,
0.25,
0.25,
0.25,
0.25,
0.25,
end
-0.0803571,
-0.0803571,
-0.0803571,
-0.0803571,
0.160714,
0.160714,
0.638093,
0.0404786,
0.160714,
0.160714,
end
-0.0803571,
-0.0803571,
-0.0803571,
-0.0803571,
0.160714,
0.638093,
0.160714,
0.160714,
0.0404786,
0.160714,
end
-0.0803571,
-0.0803571,
-0.0803571,
-0.0803571,
0.638093,
0.160714,
0.160714,
0.160714,
0.160714,
0.0404786,
end
-0.0803571,
-0.0803571,
-0.0803571,
-0.0803571,
0.160714,
0.160714,
0.0404786,
0.638093,
0.160714,
0.160714,
end
-0.0803571,
-0.0803571,
-0.0803571,
-0.0803571,
0.160714,
0.0404786,
0.160714,
0.160714,
0.638093,
0.160714,
end
-0.0803571,
-0.0803571,
-0.0803571,
-0.0803571,
0.0404786,
0.160714,
0.160714,
0.160714,
0.160714,
0.638093,
end
0.44898,
-0.0612245,
-0.0612245,
-0.0612245,
0.22449,
0.22449,
0.22449,
0.0204082,
0.0204082,
0.0204082,
end
-0.0612245,
-0.0612245,
-0.0612245,
0.44898,
0.0204082,
0.0204082,
0.22449,
0.0204082,
0.22449,
0.22449,
end
-0.0612245,
-0.0612245,
0.44898,
-0.0612245,
0.0204082,
0.22449,
0.0204082,
0.22449,
0.0204082,
0.22449,
end
-0.0612245,
0.44898,
-0.0612245,
-0.0612245,
0.22449,
0.0204082,
0.0204082,
0.22449,
0.22449,
0.0204082,
end
-0.125,
-0.125,
-0.125,
-0.125,
0.25,
0.25,
0.25,
0.25,
0.25,
0.25,
end
-0.0803571,
-0.0803571,
-0.0803571,
-0.0803571,
0.160714,
0.160714,
0.638093,
0.0404786,
0.160714,
0.160714,
end
-0.0803571,
-0.0803571,
-0.0803571,
-0.0803571,
0.160714,
0.638093,
0.160714,
0.160714,
0.0404786,
0.160714,
end
-0.0803571,
-0.0803571,
-0.0803571,
-0.0803571,
0.638093,
0.160714,
0.160714,
0.160714,
0.160714,
0.0404786,
end
-0.0803571,
-0.0803571,
-0.0803571,
-0.0803571,
0.160714,
0.160714,
0.0404786,
0.638093,
0.160714,
0.160714,
end
-0.0803571,
-0.0803571,
-0.0803571,
-0.0803571,
0.160714,
0.0404786,
0.160714,
0.160714,
0.638093,
0.160714,
end
-0.0803571,
-0.0803571,
-0.0803571,
-0.0803571,
0.0404786,
0.160714,
0.160714,
0.160714,
0.160714,
0.638093,
end
0.44898,
-0.0612245,
-0.0612245,
-0.0612245,
0.22449,
0.22449,
0.22449,
0.0204082,
0.0204082,
0.0204082,
end
-0.0612245,
-0.0612245,
-0.0612245,
0.44898,
0.0204082,
0.0204082,
0.22449,
0.0204082,
0.22449,
0.22449,
end
-0.0612245,
-0.0612245,
0.44898,
-0.0612245,
0.0204082,
0.22449,
0.0204082,
0.22449,
0.0204082,
0.22449,
end
-0.0612245,
0.44898,
-0.0612245,
-0.0612245,
0.22449,
0.0204082,
0.0204082,
0.22449,
0.22449,
0.0204082,
end
-0.125,
-0.125,
-0.125,
-0.125,
0.25,
0.25,
0.25,
0.25,
0.25,
0.25,
end
-0.0803571,
-0.0803571,
-0.0803571,
-0.0803571,
0.160714,
0.160714,
0.638093,
0.0404786,
0.160714,
0.160714,
end
-0.0803571,
-0.0803571,
-0.0803571,
-0.0803571,
0.160714,
0.638093,
0.160714,
0.160714,
0.0404786,
0.160714,
end
-0.0803571,
-0.0803571,
-0.0803571,
-0.0803571,
0.638093,
0.160714,
0.160714,
0.160714,
0.160714,
0.0404786,
end
-0.0803571,
-0.0803571,
-0.0803571,
-0.0803571,
0.160714,
0.160714,
0.0404786,
0.638093,
0.160714,
0.160714,
end
-0.0803571,
-0.0803571,
-0.0803571,
-0.0803571,
0.160714,
0.0404786,
0.160714,
0.160714,
0.638093,
0.160714,
end
-0.0803571,
-0.0803571,
-0.0803571,
-0.0803571,
0.0404786,
0.160714,
0.160714,
0.160714,
0.160714,
0.638093,
end
0.44898,
-0.0612245,
-0.0612245,
-0.0612245,
0.22449,
0.22449,
0.22449,
0.0204082,
0.0204082,
0.0204082,
end
-0.0612245,
-0.0612245,
-0.0612245,
0.44898,
0.0204082,
0.0204082,
0.22449,
0.0204082,
0.22449,
0.22449,
end
-0.0612245,
-0.0612245,
0.44898,
-0.0612245,
0.0204082,
0.22449,
0.0204082,
0.22449,
0.0204082,
0.22449,
end
-0.0612245,
0.44898,
-0.0612245,
-0.0612245,
0.22449,
0.0204082,
0.0204082,
0.22449,
0.22449,
0.0204082,
end
-0.125,
-0.125,
-0.125,
-0.125,
0.25,
0.25,
0.25,
0.25,
0.25,
0.25,
end
-0.0803571,
-0.0803571,
-0.0803571,
-0.0803571,
0.160714,
0.160714,
0.638093,
0.0404786,
0.160714,
0.160714,
end
-0.0803571,
-0.0803571,
-0.0803571,
-0.0803571,
0.160714,
0.638093,
0.160714,
0.160714,
0.0404786,
0.160714,
end
-0.0803571,
-0.0803571,
-0.0803571,
-0.0803571,
0.638093,
0.160714,
0.160714,
0.160714,
0.160714,
0.0404786,
end
-0.0803571,
-0.0803571,
-0.0803571,
-0.0803571,
0.160714,
0.160714,
0.0404786,
0.638093,
0.160714,
0.160714,
end
-0.0803571,
-0.0803571,
-0.0803571,
-0.0803571,
0.160714,
0.0404786,
0.160714,
0.160714,
0.638093,
0.160714,
end
-0.0803571,
-0.0803571,
-0.0803571,
-0.0803571,
0.0404786,
0.160714,
0.160714,
0.160714,
0.160714,
0.638093,
end
0.44898,
-0.0612245,
-0.0612245,
-0.0612245,
0.22449,
0.22449,
0.22449,
0.0204082,
0.0204082,
0.0204082,
end
-0.0612245,
-0.0612245,
-0.0612245,
0.44898,
0.0204082,
0.0204082,
0.22449,
0.0204082,
0.22449,
0.22449,
end
-0.0612245,
-0.0612245,
0.44898,
-0.0612245,
0.0204082,
0.22449,
0.0204082,
0.22449,
0.0204082,
0.22449,
end
-0.0612245,
0.44898,
-0.0612245,
-0.0612245,
0.22449,
0.0204082,
0.0204082,
0.22449,
0.22449,
0.0204082,
end
-0.125,
-0.125,
-0.125,
-0.125,
0.25,
0.25,
0.25,
0.25,
0.25,
0.25,
end
-0.0803571,
-0.0803571,
-0.0803571,
-0.0803571,
0.160714,
0.160714,
0.638093,
0.0404786,
0.160714,
0.160714,
end
-0.0803571,
-0.0803571,
-0.0803571,
-0.0803571,
0.160714,
0.638093,
0.160714,
0.160714,
0.0404786,
0.160714,
end
-0.0803571,
-0.0803571,
-0.0803571,
-0.0803571,
0.638093,
0.160714,
0.160714,
0.160714,
0.160714,
0.0404786,
end
-0.0803571,
-0.0803571,
-0.0803571,
-0.0803571,
0.160714,
0.160714,
0.0404786,
0.638093,
0.160714,
0.160714,
end
-0.0803571,
-0.0803571,
-0.0803571,
-0.0803571,
0.160714,
0.0404786,
0.160714,
0.160714,
0.638093,
0.160714,
end
-0.0803571,
-0.0803571,
-0.0803571,
-0.0803571,
0.0404786,
0.160714,
0.160714,
0.160714,
0.160714,
0.638093,
end
0.44898,
-0.0612245,
-0.0612245,
-0.0612245,
0.22449,
0.22449,
0.22449,
0.0204082,
0.0204082,
0.0204082,
end
-0.0612245,
-0.0612245,
-0.0612245,
0.44898,
0.0204082,
0.0204082,
0.22449,
0.0204082,
0.22449,
0.22449,
end
-0.0612245,
-0.0612245,
0.44898,
-0.0612245,
0.0204082,
0.22449,
0.0204082,
0.22449,
0.0204082,
0.22449,
end
-0.0612245,
0.44898,
-0.0612245,
-0.0612245,
0.22449,
0.0204082,
0.0204082,
0.22449,
0.22449,
0.0204082,
end
-0.125,
-0.125,
-0.125,
-0.125,
0.25,
0.25,
0.25,
0.25,
0.25,
0.25,
end
-0.0803571,
-0.0803571,
-0.0803571,
-0.0803571,
0.160714,
0.160714,
0.638093,
0.0404786,
0.160714,
0.160714,
end
-0.0803571,
-0.0803571,
-0.0803571,
-0.0803571,
0.160714,
0.638093,
0.160714,
0.160714,
0.0404786,
0.160714,
end
-0.0803571,
-0.0803571,
-0.0803571,
-0.0803571,
0.638093,
0.160714,
0.160714,
0.160714,
0.160714,
0.0404786,
end
-0.0803571,
-0.0803571,
-0.0803571,
-0.0803571,
0.160714,
0.160714,
0.0404786,
0.638093,
0.160714,
0.160714,
end
-0.0803571,
-0.0803571,
-0.0803571,
-0.0803571,
0.160714,
0.0404786,
0.160714,
0.160714,
0.638093,
0.160714,
end
-0.0803571,
-0.0803571,
-0.0803571,
-0.0803571,
0.0404786,
0.160714,
0.160714,
0.160714,
0.160714,
0.638093,
end
0.44898,
-0.0612245,
-0.0612245,
-0.0612245,
0.22449,
0.22449,
0.22449,
0.0204082,
0.0204082,
0.0204082,
end
-0.0612245,
-0.0612245,
-0.0612245,
0.44898,
0.0204082,
0.0204082,
0.22449,
0.0204082,
0.22449,
0.22449,
end
-0.0612245,
-0.0612245,
0.44898,
-0.0612245,
0.0204082,
0.22449,
0.0204082,
0.22449,
0.0204082,
0.22449,
end
-0.0612245,
0.44898,
-0.0612245,
-0.0612245,
0.22449,
0.0204082,
0.0204082,
0.22449,
0.22449,
0.0204082,
end
-0.125,
-0.125,
-0.125,
-0.125,
0.25,
0.25,
0.25,
0.25,
0.25,
0.25,
end
-0.0803571,
-0.0803571,
-0.0803571,
-0.0803571,
0.160714,
0.160714,
0.638093,
0.0404786,
0.160714,
0.160714,
end
-0.0803571,
-0.0803571,
-0.0803571,
-0.0803571,
0.160714,
0.638093,
0.160714,
0.160714,
0.0404786,
0.160714,
end
-0.0803571,
-0.0803571,
-0.0803571,
-0.0803571,
0.638093,
0.160714,
0.160714,
0.160714,
0.160714,
0.0404786,
end
-0.0803571,
-0.0803571,
-0.0803571,
-0.0803571,
0.160714,
0.160714,
0.0404786,
0.638093,
0.160714,
0.160714,
end
-0.0803571,
-0.0803571,
-0.0803571,
-0.0803571,
0.160714,
0.0404786,
0.160714,
0.160714,
0.638093,
0.160714,
end
-0.0803571,
-0.0803571,
-0.0803571,
-0.0803571,
0.0404786,
0.160714,
0.160714,
0.160714,
0.160714,
0.638093,
end
0.44898,
-0.0612245,
-0.0612245,
-0.0612245,
0.22449,
0.22449,
0.22449,
0.0204082,
0.0204082,
0.0204082,
end
-0.0612245,
-0.0612245,
-0.0612245,
0.44898,
0.0204082,
0.0204082,
0.22449,
0.0204082,
0.22449,
0.22449,
end
-0.0612245,
-0.0612245,
0.44898,
-0.0612245,
0.0204082,
0.22449,
0.0204082,
0.22449,
0.0204082,
0.22449,
end
-0.0612245,
0.44898,
-0.0612245,
-0.0612245,
0.22449,
0.0204082,
0.0204082,
0.22449,
0.22449,
0.0204082,
end
-0.125,
-0.125,
-0.125,
-0.125,
0.25,
0.25,
0.25,
0.25,
0.25,
0.25,
end
-0.0803571,
-0.0803571,
-0.0803571,
-0.0803571,
0.160714,
0.160714,
0.638093,
0.0404786,
0.160714,
0.160714,
end
-0.0803571,
-0.0803571,
-0.0803571,
-0.0803571,
0.160714,
0.638093,
0.160714,
0.160714,
0.0404786,
0.160714,
end
-0.0803571,
-0.0803571,
-0.0803571,
-0.0803571,
0.638093,
0.160714,
0.160714,
0.160714,
0.160714,
0.0404786,
end
-0.0803571,
-0.0803571,
-0.0803571,
-0.0803571,
0.160714,
0.160714,
0.0404786,
0.638093,
0.160714,
0.160714,
end
-0.0803571,
-0.0803571,
-0.0803571,
-0.0803571,
0.160714,
0.0404786,
0.160714,
0.160714,
0.638093,
0.160714,
end
-0.0803571,
-0.0803571,
-0.0803571,
-0.0803571,
0.0404786,
0.160714,
0.160714,
0.160714,
0.160714,
0.638093,
end
0.44898,
-0.0612245,
-0.0612245,
-0.0612245,
0.22449,
0.22449,
0.22449,
0.0204082,
0.0204082,
0.0204082,
end
-0.0612245,
-0.0612245,
-0.0612245,
0.44898,
0.0204082,
0.0204082,
0.22449,
0.0204082,
0.22449,
0.22449,
end
-0.0612245,
-0.0612245,
0.44898,
-0.0612245,
0.0204082,
0.22449,
0.0204082,
0.22449,
0.0204082,
0.22449,
end
-0.0612245,
0.44898,
-0.0612245,
-0.0612245,
0.22449,
0.0204082,
0.0204082,
0.22449,
0.22449,
0.0204082,
end
-0.125,
-0.125,
-0.125,
-0.125,
0.25,
0.25,
0.25,
0.25,
0.25,
0.25,
end
-0.0803571,
-0.0803571,
-0.0803571,
-0.0803571,
0.160714,
0.160714,
0.638093,
0.0404786,
0.160714,
0.160714,
end
-0.0803571,
-0.0803571,
-0.0803571,
-0.0803571,
0.160714,
0.638093,
0.160714,
0.160714,
0.0404786,
0.160714,
end
-0.0803571,
-0.0803571,
-0.0803571,
-0.0803571,
0.638093,
0.160714,
0.160714,
0.160714,
0.160714,
0.0404786,
end
-0.0803571,
-0.0803571,
-0.0803571,
-0.0803571,
0.160714,
0.160714,
0.0404786,
0.638093,
0.160714,
0.160714,
end
-0.0803571,
-0.0803571,
-0.0803571,
-0.0803571,
0.160714,
0.0404786,
0.160714,
0.160714,
0.638093,
0.160714,
end
-0.0803571,
-0.0803571,
-0.0803571,
-0.0803571,
0.0404786,
0.160714,
0.160714,
0.160714,
0.160714,
0.638093,
end
0.44898,
-0.0612245,
-0.0612245,
-0.0612245,
0.22449,
0.22449,
0.22449,
0.0204082,
0.0204082,
0.0204082,
end
-0.0612245,
-0.0612245,
-0.0612245,
0.44898,
0.0204082,
0.0204082,
0.22449,
0.0204082,
0.22449,
0.22449,
end
-0.0612245,
-0.0612245,
0.44898,
-0.0612245,
0.0204082,
0.22449,
0.0204082,
0.22449,
0.0204082,
0.22449,
end
-0.0612245,
0.44898,
-0.0612245,
-0.0612245,
0.22449,
0.0204082,
0.0204082,
0.22449,
0.22449,
0.0204082,
end
-0.125,
-0.125,
-0.125,
-0.125,
0.25,
0.25,
0.25,
0.25,
0.25,
0.25,
end
-0.0803571,
-0.0803571,
-0.0803571,
-0.0803571,
0.160714,
0.160714,
0.638093,
0.0404786,
0.160714,
0.160714,
end
-0.0803571,
-0.0803571,
-0.0803571,
-0.0803571,
0.160714,
0.638093,
0.160714,
0.160714,
0.0404786,
0.160714,
end
-0.0803571,
-0.0803571,
-0.0803571,
-0.0803571,
0.638093,
0.160714,
0.160714,
0.160714,
0.160714,
0.0404786,
end
-0.0803571,
-0.0803571,
-0.0803571,
-0.0803571,
0.160714,
0.160714,
0.0404786,
0.638093,
0.160714,
0.160714,
end
-0.0803571,
-0.0803571,
-0.0803571,
-0.0803571,
0.160714,
0.0404786,
0.160714,
0.160714,
0.638093,
0.160714,
end
-0.0803571,
-0.0803571,
-0.0803571,
-0.0803571,
0.0404786,
0.160714,
0.160714,
0.160714,
0.160714,
0.638093,
end
0.44898,
-0.0612245,
-0.0612245,
-0.0612245,
0.22449,
0.22449,
0.22449,
0.0204082,
0.0204082,
0.0204082,
end
-0.0612245,
-0.0612245,
-0.0612245,
0.44898,
0.0204082,
0.0204082,
0.22449,
0.0204082,
0.22449,
0.22449,
end
-0.0612245,
-0.0612245,
0.44898,
-0.0612245,
0.0204082,
0.22449,
0.0204082,
0.22449,
0.0204082,
0.22449,
end
-0.0612245,
0.44898,
-0.0612245,
-0.0612245,
0.22449,
0.0204082,
0.0204082,
0.22449,
0.22449,
0.0204082,
end
-0.125,
-0.125,
-0.125,
-0.125,
0.25,
0.25,
0.25,
0.25,
0.25,
0.25,
end
-0.0803571,
-0.0803571,
-0.0803571,
-0.0803571,
0.160714,
0.160714,
0.638093,
0.0404786,
0.160714,
0.160714,
end
-0.0803571,
-0.0803571,
-0.0803571,
-0.0803571,
0.160714,
0.638093,
0.160714,
0.160714,
0.0404786,
0.160714,
end
-0.0803571,
-0.0803571,
-0.0803571,
-0.0803571,
0.638093,
0.160714,
0.160714,
0.160714,
0.160714,
0.0404786,
end
-0.0803571,
-0.0803571,
-0.0803571,
-0.0803571,
0.160714,
0.160714,
0.0404786,
0.638093,
0.160714,
0.160714,
end
-0.0803571,
-0.0803571,
-0.0803571,
-0.0803571,
0.160714,
0.0404786,
0.160714,
0.160714,
0.638093,
0.160714,
end
-0.0803571,
-0.0803571,
-0.0803571,
-0.0803571,
0.0404786,
0.160714,
0.160714,
0.160714,
0.160714,
0.638093,
end


MFEM abort: invalid element type: 5
 ... in function: void mfem::Mesh::SetMeshGen()
 ... in file: mesh/mesh.cpp:5587


~~~~~~~~~~~~~~~~~~~~~~~~~~~~~~~~~~~~~~~~~~~~~~~~~~~~~~~~~~~~~~~~~~~~~~~~~~~~~~~
unit_tests is a Catch v2.13.9 host application.
Run with -? for options

-------------------------------------------------------------------------------
3D Bilinear Mass Integrators
-------------------------------------------------------------------------------
/Users/psaber/MFEM/Master_4d/mfem/tests/unit/fem/test_3d_bilininteg.cpp:527
...............................................................................

/Users/psaber/MFEM/Master_4d/mfem/tests/unit/fem/test_3d_bilininteg.cpp:569: FAILED:
  {Unknown expression after the reported line}
due to a fatal error condition:
  SIGABRT - Abort (abnormal termination) signal

===============================================================================
test cases:  24 |  23 passed | 1 failed
assertions: 219 | 218 passed | 1 failed

    Unit tests [ sedov_tests_cpu ... ]: FAILED  (0.03s 5696kB)
Device configuration: cpu
Memory configuration: host-std
INFO: Test filter: ~[Parallel] ~[MFEMData] 
Filters: ~[Parallel] ~[MFEMData]
Zones min/max: 4 4
Number of local/global kinematic (position, velocity) dofs: 50/50
Number of local/global specific internal energy dofs: 16/16
step     5,	t = 0.2026,	dt = 0.040687,	|e| = 3.5082549452
step    10,	t = 0.4061,	dt = 0.040687,	|e| = 3.0482318525
step    15,	t = 0.6000,	dt = 0.031804,	|e| = 2.7564445968
Zones min/max: 16 16
Number of local/global kinematic (position, velocity) dofs: 162/162
Number of local/global specific internal energy dofs: 64/64
step     5,	t = 0.0507,	dt = 0.010172,	|e| = 14.0324976637
step    10,	t = 0.1015,	dt = 0.010172,	|e| = 12.1935997149
Repeating step 14
step    15,	t = 0.1493,	dt = 0.008646,	|e| = 11.0409340147
step    20,	t = 0.1926,	dt = 0.008646,	|e| = 10.2845104068


MFEM abort: invalid element type: 5
 ... in function: void mfem::Mesh::SetMeshGen()
 ... in file: mesh/mesh.cpp:5587


~~~~~~~~~~~~~~~~~~~~~~~~~~~~~~~~~~~~~~~~~~~~~~~~~~~~~~~~~~~~~~~~~~~~~~~~~~~~~~~
sedov_tests_cpu is a Catch v2.13.9 host application.
Run with -? for options

-------------------------------------------------------------------------------
Sedov
-------------------------------------------------------------------------------
/Users/psaber/MFEM/Master_4d/mfem/tests/unit/miniapps/test_sedov.cpp:2190
...............................................................................

/Users/psaber/MFEM/Master_4d/mfem/tests/unit/miniapps/test_sedov.cpp:2190: FAILED:
  {Unknown expression after the reported line}
due to a fatal error condition:
  SIGABRT - Abort (abnormal termination) signal

===============================================================================
test cases:   1 |   0 passed | 1 failed
assertions: 326 | 325 passed | 1 failed

    Unit tests [ sedov_tests_debug ... ]: FAILED  (0.06s 8224kB)
Device configuration: debug,cpu
Memory configuration: host-debug,device-debug
INFO: Test filter: ~[Parallel] ~[MFEMData] 
Filters: ~[Parallel] ~[MFEMData]
Zones min/max: 4 4
Number of local/global kinematic (position, velocity) dofs: 50/50
Number of local/global specific internal energy dofs: 16/16
step     5,	t = 0.2026,	dt = 0.040687,	|e| = 3.5082549452
step    10,	t = 0.4061,	dt = 0.040687,	|e| = 3.0482318525
step    15,	t = 0.6000,	dt = 0.031804,	|e| = 2.7564445968
Zones min/max: 16 16
Number of local/global kinematic (position, velocity) dofs: 162/162
Number of local/global specific internal energy dofs: 64/64
step     5,	t = 0.0507,	dt = 0.010172,	|e| = 14.0324976637
step    10,	t = 0.1015,	dt = 0.010172,	|e| = 12.1935997149
Repeating step 14
step    15,	t = 0.1493,	dt = 0.008646,	|e| = 11.0409340147
step    20,	t = 0.1926,	dt = 0.008646,	|e| = 10.2845104068


MFEM abort: invalid element type: 5
 ... in function: void mfem::Mesh::SetMeshGen()
 ... in file: mesh/mesh.cpp:5587


~~~~~~~~~~~~~~~~~~~~~~~~~~~~~~~~~~~~~~~~~~~~~~~~~~~~~~~~~~~~~~~~~~~~~~~~~~~~~~~
sedov_tests_debug is a Catch v2.13.9 host application.
Run with -? for options

-------------------------------------------------------------------------------
Sedov
-------------------------------------------------------------------------------
/Users/psaber/MFEM/Master_4d/mfem/tests/unit/miniapps/test_sedov.cpp:2190
...............................................................................

/Users/psaber/MFEM/Master_4d/mfem/tests/unit/miniapps/test_sedov.cpp:2190: FAILED:
  {Unknown expression after the reported line}
due to a fatal error condition:
  SIGABRT - Abort (abnormal termination) signal

===============================================================================
test cases:   1 |   0 passed | 1 failed
assertions: 326 | 325 passed | 1 failed

    Unit tests [ tmop_pa_tests_cpu ... ]: FAILED  (0.11s 9808kB)
Device configuration: cpu
Memory configuration: host-std
INFO: Test filter: ~[Parallel] ~[MFEMData] 
Filters: ~[Parallel] ~[MFEMData]
tmop_pa_tests    -pa -m ../../miniapps/meshing/square01.mesh -o 2 -rs 1 -mid 80 -tid 5 -qt 1 -qo 6 -ni 100 -nl 1 -rtol 1e-08 -ls 2 -li 100 -lc 0 -lt 0 -nor -ji 0.101321 -diag -cmb 2 -bec
tmop_pa_tests -no-pa -m ../../miniapps/meshing/square01.mesh -o 2 -rs 1 -mid 80 -tid 5 -qt 1 -qo 6 -ni 100 -nl 1 -rtol 1e-08 -ls 2 -li 100 -lc 0 -lt 0 -nor -ji 0.101321 -diag -cmb 2 -bec
tmop_pa_tests    -pa -m ../../miniapps/meshing/cube.mesh -o 1 -rs 1 -mid 302 -tid 5 -qt 1 -qo 2 -ni 100 -nl 1 -rtol 1e-08 -ls 2 -li 100 -lc 0 -lt 0 -nor -ji 0.101321 -diag -cmb 2 -bec


MFEM abort: invalid element type: 5
 ... in function: void mfem::Mesh::SetMeshGen()
 ... in file: mesh/mesh.cpp:5587


~~~~~~~~~~~~~~~~~~~~~~~~~~~~~~~~~~~~~~~~~~~~~~~~~~~~~~~~~~~~~~~~~~~~~~~~~~~~~~~
tmop_pa_tests_cpu is a Catch v2.13.9 host application.
Run with -? for options

-------------------------------------------------------------------------------
tmop_pa
-------------------------------------------------------------------------------
/Users/psaber/MFEM/Master_4d/mfem/tests/unit/miniapps/test_tmop_pa.cpp:1159
...............................................................................

/Users/psaber/MFEM/Master_4d/mfem/tests/unit/miniapps/test_tmop_pa.cpp:1159: FAILED:
  {Unknown expression after the reported line}
due to a fatal error condition:
  SIGABRT - Abort (abnormal termination) signal

===============================================================================
test cases:  1 |  0 passed | 1 failed
assertions: 24 | 23 passed | 1 failed

    Unit tests [ tmop_pa_tests_debug ... ]: FAILED  (0.12s 9792kB)
Device configuration: cpu
Memory configuration: host-std
INFO: Test filter: ~[Parallel] ~[MFEMData] 
Filters: ~[Parallel] ~[MFEMData]
tmop_pa_tests    -pa -m ../../miniapps/meshing/square01.mesh -o 2 -rs 1 -mid 80 -tid 5 -qt 1 -qo 6 -ni 100 -nl 1 -rtol 1e-08 -ls 2 -li 100 -lc 0 -lt 0 -nor -ji 0.101321 -diag -cmb 2 -bec
tmop_pa_tests -no-pa -m ../../miniapps/meshing/square01.mesh -o 2 -rs 1 -mid 80 -tid 5 -qt 1 -qo 6 -ni 100 -nl 1 -rtol 1e-08 -ls 2 -li 100 -lc 0 -lt 0 -nor -ji 0.101321 -diag -cmb 2 -bec
tmop_pa_tests    -pa -m ../../miniapps/meshing/cube.mesh -o 1 -rs 1 -mid 302 -tid 5 -qt 1 -qo 2 -ni 100 -nl 1 -rtol 1e-08 -ls 2 -li 100 -lc 0 -lt 0 -nor -ji 0.101321 -diag -cmb 2 -bec


MFEM abort: invalid element type: 5
 ... in function: void mfem::Mesh::SetMeshGen()
 ... in file: mesh/mesh.cpp:5587


~~~~~~~~~~~~~~~~~~~~~~~~~~~~~~~~~~~~~~~~~~~~~~~~~~~~~~~~~~~~~~~~~~~~~~~~~~~~~~~
tmop_pa_tests_debug is a Catch v2.13.9 host application.
Run with -? for options

-------------------------------------------------------------------------------
tmop_pa
-------------------------------------------------------------------------------
/Users/psaber/MFEM/Master_4d/mfem/tests/unit/miniapps/test_tmop_pa.cpp:1159
...............................................................................

/Users/psaber/MFEM/Master_4d/mfem/tests/unit/miniapps/test_tmop_pa.cpp:1159: FAILED:
  {Unknown expression after the reported line}
due to a fatal error condition:
  SIGABRT - Abort (abnormal termination) signal

===============================================================================
test cases:  1 |  0 passed | 1 failed
assertions: 24 | 23 passed | 1 failed

    Unit tests [ debug_device_tests ... ]: OK  (3.20s 6960kB)
Running tests in examples ...
    Serial example [ ex0 ... ]: OK  (0.01s 3904kB)
    Serial example [ vector-dg-AD-solver ... ]: OK  (0.72s 3904kB)
    Serial example [ scalar-dg-Adv-Diff ... ]: OK  (3.07s 3952kB)
    Serial example [ vector-dg-diffusion ... ]: FAILED  (0.00s 2080kB)
Unrecognized option: -no-vis

Usage: ./vector-dg-diffusion [options] ...
Options:
   -h, --help
	Print this help message and exit.
   -m <string>, --mesh <string>, current value: ../data/cube2d_2.MFEM
	Mesh file to use.
   -r <int>, --refine <int>, current value: 0
	Number of times to refine the mesh uniformly, -1 for auto.
   -o <int>, --order <int>, current value: 1
	Finite element order (polynomial degree) >= 0.
   -s <double>, --sigma <double>, current value: -1
	One of the three DG penalty parameters, typically +1/-1. See the documentation of class DGDiffusionIntegrator.
   -k <double>, --kappa <double>, current value: -1
	One of the three DG penalty parameters, should be positive. Negative values are replaced with (order+1)^2.
   -d <string>, --device <string>, current value: cpu
	Device configuration string, see Device::Configure().
    Serial example [ vector-Adv-Diff ... ]: OK  (3.12s 3792kB)
    Serial example [ vector-Adv-Diff_fixed ... ]: OK  (3.48s 3792kB)
    Serial example [ ex1 ... ]: OK  (0.11s 17344kB)
    Serial example [ ex1_H1 ... ]: OK  (0.00s 3520kB)
    Serial example [ Advection_exp ... ]: FAILED  (0.00s 2864kB)
Options used:
   --mesh ../data/star.mesh
   --order 1
   --no-static-condensation
   --no-partial-assembly
   --device cpu
   --no-visualization
   --ref-levels 0
Device configuration: cpu
Memory configuration: host-std
Dimension: 2
ref_levels = 0
Number of finite element unknowns: 80


Function not supported for dim specified2
    Serial example [ ex2 ... ]: OK  (0.05s 7200kB)
    Serial example [ ex3 ... ]: OK  (0.02s 4752kB)
    Serial example [ ex3_Hdiv ... ]: OK  (0.41s 3728kB)
    Serial example [ ex3_SkwGrad ... ]: FAILED  (0.00s 2464kB)
Options used:
   --mesh ../data/beam-tet.mesh
   --order 1
   --frequency 1
   --no-static-condensation
   --no-partial-assembly
   --conforming
   --device cpu
   --no-visualization
   --ref-levels 0
Device configuration: cpu
Memory configuration: host-std


Verification failed: (dim == 4) is false:
 --> SkwGrad_FECollection requires dim == 4.
 ... in function: mfem::SkwGrad_FECollection::SkwGrad_FECollection(const int, const int, const int, const int)
 ... in file: fem/fe_coll.cpp:2998

    Serial example [ ex4 ... ]: OK  (0.01s 4128kB)
    Serial example [ ex5 ... ]: OK  (0.01s 4384kB)
    Serial example [ ex5_fixed ... ]: FAILED  (0.00s 2160kB)
Unrecognized option: -no-vis

Usage: ./ex5_fixed [options] ...
Options:
   -h, --help
	Print this help message and exit.
   -m <string>, --mesh <string>, current value: ../data/star.mesh
	Mesh file to use.
   -o <int>, --order <int>, current value: 1
	Finite element order.
    Serial example [ ex5_Hdiv_test ... ]: OK  (0.00s 4304kB)
    Serial example [ ex6 ... ]: FAILED  (0.01s 3936kB)
Options used:
   --mesh ../data/star.mesh
   --order 1
   --no-partial-assembly
   --device cpu
   --max-dofs 50000
   --no-ls-zz
   --no-visualization
Device configuration: cpu
Memory configuration: host-std

AMR iteration 0
Number of unknowns: 31
   Iteration :   0  (B r, r) = 0.441629 ...
   Iteration :   4  (B r, r) = 4.92533e-14
Average reduction factor = 0.0240393


MFEM abort: Uniform refinement for now works only for triangles.
 ... in function: void mfem::Mesh::UniformRefinement(int, const DSTable &, int *, int *, int *)
 ... in file: mesh/mesh.cpp:12790

    Serial example [ ex7 ... ]: OK  (0.01s 4672kB)
    Serial example [ ex8 ... ]: OK  (0.55s 19408kB)
    Serial example [ ex9 ... ]: OK  (3.95s 4176kB)
    Serial example [ ex10 ... ]: OK  (0.38s 10352kB)
    Serial example [ ex14 ... ]: OK  (1.39s 70624kB)
    Serial example [ ex15 ... ]: OK  (0.29s 15616kB)
    Serial example [ ex16 ... ]: OK  (0.13s 11808kB)
    Serial example [ ex17 ... ]: OK  (0.82s 22208kB)
    Serial example [ ex18 ... ]: OK  (0.05s 4064kB)
    Serial example [ ex19 ... ]: OK  (0.88s 6416kB)
    Serial example [ ex20 ... ]: OK  (0.00s 2336kB)
    Serial example [ ex21 ... ]: FAILED  (0.01s 4016kB)
Options used:
   --mesh ../data/beam-tri.mesh
   --order 1
   --no-static-condensation
   --flux-averaging 0
   --no-visualization

AMR iteration 0
Number of unknowns: 36
Specical Hard code Int Rule
0.666667,
0.166667,
0.166667,
end
0.166667,
0.166667,
0.666667,
end
0.166667,
0.666667,
0.166667,
end
0.666667,
0.166667,
0.166667,
end
0.166667,
0.166667,
0.666667,
end
0.166667,
0.666667,
0.166667,
end
0.666667,
0.166667,
0.166667,
end
0.166667,
0.166667,
0.666667,
end
0.166667,
0.666667,
0.166667,
end
0.666667,
0.166667,
0.166667,
end
0.166667,
0.166667,
0.666667,
end
0.166667,
0.666667,
0.166667,
end
0.666667,
0.166667,
0.166667,
end
0.166667,
0.166667,
0.666667,
end
0.166667,
0.666667,
0.166667,
end
0.666667,
0.166667,
0.166667,
end
0.166667,
0.166667,
0.666667,
end
0.166667,
0.666667,
0.166667,
end
0.666667,
0.166667,
0.166667,
end
0.166667,
0.166667,
0.666667,
end
0.166667,
0.666667,
0.166667,
end
0.666667,
0.166667,
0.166667,
end
0.166667,
0.166667,
0.666667,
end
0.166667,
0.666667,
0.166667,
end
0.666667,
0.166667,
0.166667,
end
0.166667,
0.166667,
0.666667,
end
0.166667,
0.666667,
0.166667,
end
0.666667,
0.166667,
0.166667,
end
0.166667,
0.166667,
0.666667,
end
0.166667,
0.666667,
0.166667,
end
0.666667,
0.166667,
0.166667,
end
0.166667,
0.166667,
0.666667,
end
0.166667,
0.666667,
0.166667,
end
0.666667,
0.166667,
0.166667,
end
0.166667,
0.166667,
0.666667,
end
0.166667,
0.666667,
0.166667,
end
0.666667,
0.166667,
0.166667,
end
0.166667,
0.166667,
0.666667,
end
0.166667,
0.666667,
0.166667,
end
0.666667,
0.166667,
0.166667,
end
0.166667,
0.166667,
0.666667,
end
0.166667,
0.666667,
0.166667,
end
0.666667,
0.166667,
0.166667,
end
0.166667,
0.166667,
0.666667,
end
0.166667,
0.666667,
0.166667,
end
0.666667,
0.166667,
0.166667,
end
0.166667,
0.166667,
0.666667,
end
0.166667,
0.666667,
0.166667,
end
   Iteration :   0  (B r, r) = 0.000119996 ...
   Iteration :  21  (B r, r) = 6.13589e-17
Average reduction factor = 0.509742
0,
0.5,
0.5,
end
0,
0.5,
0.5,
end
0,
0.5,
0.5,
end
0,
0.5,
0.5,
end
0,
0.5,
0.5,
end
0,
0.5,
0.5,
end
0,
0.5,
0.5,
end
0,
0.5,
0.5,
end
0,
0.5,
0.5,
end
0,
0.5,
0.5,
end
0,
0.5,
0.5,
end
0,
0.5,
0.5,
end
0,
0.5,
0.5,
end
0,
0.5,
0.5,
end
0,
0.5,
0.5,
end
0,
0.5,
0.5,
end


MFEM abort: Don't know how to construct CoarseFineTransformations for geom = 3
 ... in function: const CoarseFineTransformations &mfem::Mesh::GetRefinementTransforms() const
 ... in file: mesh/mesh.cpp:12871

    Serial example [ ex22 ... ]: OK  (0.01s 4416kB)
    Serial example [ ex23 ... ]: OK  (0.05s 7648kB)
    Serial example [ ex24 ... ]: FAILED  (0.01s 2464kB)
Options used:
   --mesh ../data/beam-hex.mesh
   --order 1
   --problem-type 0
   --no-static-condensation
   --no-partial-assembly
   --device cpu
   --no-visualization
Device configuration: cpu
Memory configuration: host-std


MFEM abort: invalid element type: 5
 ... in function: void mfem::Mesh::SetMeshGen()
 ... in file: mesh/mesh.cpp:5587

    Serial example [ ex25 ... ]: OK  (0.10s 14624kB)
    Serial example [ ex26 ... ]: OK  (0.04s 14000kB)
    Serial example [ ex27 ... ]: OK  (0.02s 5296kB)
    Serial example [ ex28 ... ]: OK  (0.04s 4672kB)
    Serial example [ ex29 ... ]: OK  (0.01s 3728kB)
    Serial example [ ex30 ... ]: FAILED  (0.01s 3376kB)
Options used:
   --mesh ../data/star.mesh
   --order 1
   --nc-limit 1
   --max-elems 100000
   --error 0.001
   --enriched_order 5
   --no-visualization


MFEM abort: Uniform refinement for now works only for triangles.
 ... in function: void mfem::Mesh::UniformRefinement(int, const DSTable &, int *, int *, int *)
 ... in file: mesh/mesh.cpp:12790

    Serial example [ ex31 ... ]: OK  (0.02s 4672kB)
    Serial example [ ex33 ... ]: OK  (0.03s 7376kB)
    Serial example [ ex34 ... ]: FAILED  (0.01s 2512kB)
Options used:
   --refine 1
   --order 1
   --magnetic-cond 1e-06
   --no-static-condensation
   --mixed-mesh
   --no-partial-assembly
   --device cpu
   --no-visualization
Device configuration: cpu
Memory configuration: host-std


MFEM abort: invalid element type: 5
 ... in function: void mfem::Mesh::SetMeshGen()
 ... in file: mesh/mesh.cpp:5587

    Serial example [ ex36 ... ]: OK  (0.26s 20848kB)
    Serial example [ ex37 ... ]: OK  (2.03s 66096kB)
    Serial example [ ex38 ... ]: SKIP
    Serial example [ ex39 ... ]: OK  (0.73s 28560kB)
    Serial example [ ex40 ... ]: OK  (0.54s 21040kB)
Running tests in miniapps/electromagnetics ...
Running tests in miniapps/meshing ...
/Applications/Xcode.app/Contents/Developer/usr/bin/make -C ../../miniapps/common
make[2]: Nothing to be done for `all'.
    Meshing miniapp [ mobius-strip ... ]: OK  (0.01s 3488kB)
    Meshing miniapp [ klein-bottle ... ]: OK  (0.01s 3872kB)
    Meshing miniapp [ toroid ... ]: OK  (0.01s 3792kB)
    Meshing miniapp [ trimmer ... ]: OK  (0.01s 3104kB)
    Meshing miniapp [ twist ... ]: FAILED  (0.00s 2304kB)
Options used:
   --num-elements-z 3
   --num-twists 2
   --mesh-order 3
   --refine-serial 0
   --base-x 1
   --base-y 1
   --height 3
   --element-type 8
   --periodic-mesh
   --cont-mesh
   --no-visualization
   --send-port 19916


MFEM abort: invalid element type: 5
 ... in function: void mfem::Mesh::SetMeshGen()
 ... in file: mesh/mesh.cpp:5587

    Meshing miniapp [ extruder ... ]: FAILED  (0.01s 2448kB)
Options used:
   --mesh ../../data/inline-quad.mesh
   --mesh-order -1
   --num-elem-in-y -1
   --width-in-y 1
   --num-elem-in-z -1
   --height-in-z 1
   --no-transform
   --no-visualization
   --send-port 19916
Extruding 2D mesh to a height of 1 using 1 elements.


MFEM abort: invalid element type: 5
 ... in function: void mfem::Mesh::SetMeshGen()
 ... in file: mesh/mesh.cpp:5587

    Meshing miniapp [ mesh-optimizer ... ]: OK  (0.03s 6448kB)
    Meshing miniapp [ minimal-surface ... ]: OK  (0.29s 8576kB)
    Meshing miniapp [ polar-nc ... ]: OK  (0.01s 4112kB)
    Meshing miniapp [ reflector ... ]: FAILED  (0.01s 2672kB)
Options used:
   --mesh ../../data/pipe-nurbs.mesh
   --normal '0 0 1'
   --origin '0 0 0'
   --no-visualization
   --send-port 19916


MFEM abort: invalid element type: 5
 ... in function: void mfem::Mesh::SetMeshGen()
 ... in file: mesh/mesh.cpp:5587

    Meshing miniapp [ ref321 ... ]: FAILED  (0.01s 3056kB)
Options used:
   --mesh ../../data/star.mesh
   --order 1
   --no-visualization
   --no-make-mesh
   --dimension 2
   --refs 1


MFEM abort: Uniform refinement for now works only for triangles.
 ... in function: void mfem::Mesh::UniformRefinement(int, const DSTable &, int *, int *, int *)
 ... in file: mesh/mesh.cpp:12790

    Mesh quality miniapp [ mesh-quality ... ]: OK  (0.01s 3312kB)
    Serial hp-refinement [ hpref ... ]: OK  (0.01s 4128kB)
Running tests in miniapps/navier ...
Running tests in miniapps/performance ...
    Performance miniapp [ ex1 ... ]: FAILED  (0.00s 2544kB)
Options used:
   --mesh ../../data/fichera.mesh
   --refine 2
   --order 3
   --basis-type G
   --hpc-version
   --matrix-free
   --preconditioner none
   --no-static-condensation
   --no-visualization
   --send-port 19916

MFEM SIMD width: 1 doubles

Using Gauss-Lobatto basis ...


MFEM abort: invalid element type: 5
 ... in function: void mfem::Mesh::SetMeshGen()
 ... in file: mesh/mesh.cpp:5587

Running tests in miniapps/tools ...
/Applications/Xcode.app/Contents/Developer/usr/bin/make -C ../../miniapps/common
make[2]: Nothing to be done for `all'.
Running tests in miniapps/toys ...
/Applications/Xcode.app/Contents/Developer/usr/bin/make -C ../../miniapps/common
make[2]: Nothing to be done for `all'.
    Toys miniapp [ automata ... ]: OK  (0.01s 3184kB)
    Toys miniapp [ life ... ]: OK  (0.01s 2960kB)
    Toys miniapp [ mandel ... ]: FAILED  (0.04s 3936kB)
Options used:
   --mesh ../../data/inline-quad.mesh
   --sub-divisions 2
   --nc-limit 1
   --iso
   --no-visualization
   --send-port 19916
Iteration 1: mesh has 1024 elements. 


MFEM abort: Uniform refinement for now works only for triangles.
 ... in function: void mfem::Mesh::UniformRefinement(int, const DSTable &, int *, int *, int *)
 ... in file: mesh/mesh.cpp:12790

    Toys miniapp [ rubik ... ]: FAILED  (0.00s 2256kB)
Options used:
   --animation
   --log-level 0
   --no-visualization
   --send-port 19916

Interactive Commands
   [xyz][1,2,3][0-3]
	Rotate the specified tier (first integer) of the cube
	about the given axis (initial character) in the clockwise
	direction (looking from the tip of the axis vector towards
	the origin) by so many increments (final integer).
   r[0-9]+
	Initiate a random sequence of moves.  The integer
	following 'r' is the number of desired moves.
   p
	Print the current state of the cube.
   c
	Swap the corners in the 0th and 1st positions.
   t[0,1]
	Twist the corners of the bottom tier in the clockwise '1'
	or counter-clockwise '0' direction leaving the 3rd corner
	unchanged.
   e[0,1]
	Permute the edges of the bottom tier in the clockwise '1'
	or counter-clockwise '0' direction leaving the 3rd edge
	unchanged.
   f[2,4]
	Flip the edges of the bottom tier while keeping them in
	place. The integer '2' indicates flipping the 0th and 2nd
	edges while '4' indicates flipping all four edges.
   R
	Resets (or Repaints) the cube to its original configuration.
   T
	Solve the top tier only.
   M
	Solve the middle tier only (assumes the top tier has already
	been solved.)
   B
	Solve the bottom tier only (assumes the top two tiers have
	already been solved.)
   s or S
	Solve the cube starting from the top tier and working down.
   h or H
	Print this message.
   q or Q
	Quit



MFEM abort: invalid element type: 5
 ... in function: void mfem::Mesh::SetMeshGen()
 ... in file: mesh/mesh.cpp:5587

    Toys miniapp [ snake ... ]: OK  (0.01s 3712kB)
    Toys miniapp [ lissajous ... ]: OK  (0.01s 3792kB)
    Toys miniapp [ mondrian ... ]: FAILED  (0.01s 3248kB)
Options used:
   --mesh ../../data/inline-quad.mesh
   --img australia.pgm
   --sub-divisions 2
   --nc-limit 1
   --num-colors 3
   --iso
   --no-visualization
   --send-port 19916
Iteration 1: mesh has 16 elements. 


MFEM abort: Uniform refinement for now works only for triangles.
 ... in function: void mfem::Mesh::UniformRefinement(int, const DSTable &, int *, int *, int *)
 ... in file: mesh/mesh.cpp:12790

Running tests in miniapps/nurbs ...
    NURBS miniapp [ nurbs_ex1 ... ]: OK  (0.02s 5216kB)
    NURBS miniapp [ nurbs_ex1 ... ]: OK  (0.00s 4224kB)
    NURBS miniapp [ nurbs_ex1 ... ]: OK  (0.00s 3712kB)
    NURBS miniapp [ nurbs_ex1 ... ]: FAILED  (0.00s 2448kB)
Options used:
   --mesh ../../data/beam-hex-nurbs.mesh
   --refine -1
   --per none
   --ref-file 
   --master '1'
   --slave '2'
   --neu ''
   --order '1'
   --ibp
   --strong-bc
   --kappa -1
   --no-static-condensation
   --no-visualization
   --level-of-detail 0
   --send-port 19916


MFEM abort: invalid element type: 5
 ... in function: void mfem::Mesh::SetMeshGen()
 ... in file: mesh/mesh.cpp:5587

    NURBS miniapp [ nurbs_patch_ex1 ... ]: FAILED  (0.01s 2864kB)
Options used:
   --mesh ../../data/beam-hex-nurbs.mesh
   --partial-assembly
   --device cpu
   --no-visualization
   --patch-assembly
   --reduced-integration
   --refine 1
   --integration-order 8
   --nurbs-degree-increase 3
   --compare-element
   --send-port 19916
Device configuration: cpu
Memory configuration: host-std


MFEM abort: invalid element type: 5
 ... in function: void mfem::Mesh::SetMeshGen()
 ... in file: mesh/mesh.cpp:5587

    NURBS miniapp [ nurbs_ex3 ... ]: OK  (0.01s 4512kB)
    NURBS miniapp [ nurbs_ex3 ... ]: FAILED  (0.00s 2464kB)
Options used:
   --mesh ../../data/cube-nurbs.mesh
   --refine 1
   --order 2
   --nurbs
   --frequency 1
   --no-static-condensation
   --no-partial-assembly
   --device cpu
   --no-visualization
   --send-port 19916
Device configuration: cpu
Memory configuration: host-std


MFEM abort: invalid element type: 5
 ... in function: void mfem::Mesh::SetMeshGen()
 ... in file: mesh/mesh.cpp:5587

    NURBS miniapp [ nurbs_ex5 ... ]: OK  (0.01s 4512kB)
    NURBS miniapp [ nurbs_ex5 ... ]: FAILED  (0.00s 2304kB)
Options used:
   --mesh ../../data/cube-nurbs.mesh
   --refine 1
   --order 2
   --no-partial-assembly
   --device cpu
   --no-visualization
   --send-port 19916
Device configuration: cpu
Memory configuration: host-std


MFEM abort: invalid element type: 5
 ... in function: void mfem::Mesh::SetMeshGen()
 ... in file: mesh/mesh.cpp:5587

    NURBS miniapp [ nurbs_ex24 ... ]: OK  (0.02s 4320kB)
    NURBS miniapp [ nurbs_ex24 ... ]: OK  (0.00s 3680kB)
    NURBS miniapp [ nurbs_ex24 ... ]: FAILED  (0.00s 2496kB)
Options used:
   --mesh ../../data/cube-nurbs.mesh
   --refine 1
   --order 2
   --nurbs
   --problem-type 0
   --no-static-condensation
   --no-partial-assembly
   --device cpu
   --no-visualization
   --send-port 19916
Device configuration: cpu
Memory configuration: host-std


MFEM abort: invalid element type: 5
 ... in function: void mfem::Mesh::SetMeshGen()
 ... in file: mesh/mesh.cpp:5587

    NURBS miniapp [ nurbs_curveint ... ]: OK  (0.01s 3744kB)
    NURBS miniapp [ nurbs_curveint ... ]: OK  (0.00s 3248kB)
    NURBS miniapp [ nurbs_printfunc ... ]: OK  (0.01s 2400kB)
    NURBS miniapp [ nurbs_solenoidal ... ]: OK  (0.35s 21584kB)
    NURBS miniapp [ nurbs_naca_cmesh ... ]: OK  (0.06s 13504kB)
Running tests in miniapps/gslib ...
Running tests in miniapps/adjoint ...
Running tests in miniapps/solvers ...
    LOR solvers miniapp [ lor_solvers ... ]: OK  (0.04s 5392kB)
Running tests in miniapps/shifted ...
/Applications/Xcode.app/Contents/Developer/usr/bin/make -C ../../miniapps/common
make[2]: Nothing to be done for `all'.
    Shifted miniapp [ lsf_integral ... ]: OK  (0.01s 3952kB)
Running tests in miniapps/mtop ...
    MTop miniapp [ seqheat ... ]: OK  (0.03s 4800kB)
Running tests in miniapps/parelag ...
Running tests in miniapps/tribol ...
Running tests in miniapps/autodiff ...
    ADIFF miniapp [ seq_example ... ]: OK  (4.77s 25280kB)
    ADIFF miniapp [ seq_test ... ]: OK  (0.00s 1824kB)
Running tests in miniapps/hooke ...
Running tests in miniapps/multidomain ...
Running tests in miniapps/dpg ...
/Applications/Xcode.app/Contents/Developer/usr/bin/make -C ../../miniapps/common
make[2]: Nothing to be done for `all'.
    DPG diffusion miniapp [ diffusion ... ]: OK  (0.05s 7328kB)
    DPG convection diffusion miniapp [ convection-diffusion ... ]: OK  (0.06s 8784kB)
    DPG acoustics miniapp [ acoustics ... ]: OK  (0.15s 12224kB)
    DPG maxwell miniapp [ maxwell ... ]: OK  (1.04s 9040kB)
Running tests in miniapps/hdiv-linear-solver ...
Running tests in miniapps/spde ...
Some tests failed.
